ds,кластер1,кластер2,кластер3,кластер4,кластер5,кластер6
2019-01-01,299036,1493286,11268577,50492,18596,599268
2019-01-02,228190,818971,8629779,57169,25282,952299
2019-01-03,297875,734393,7828308,61336,25863,1176552
2019-01-04,211296,742071,7542338,64927,27730,1304149
2019-01-05,270611,828797,7618576,62939,27709,1419539
2019-01-06,251068,2272403,7979191,59018,26518,1458773
2019-01-07,140426,1933708,8639727,58985,29211,1758868
2019-01-08,165484,793617,7917730,69446,34060,2835752
2019-01-09,228712,893267,7472353,78961,46477,4534129
2019-01-10,153253,905563,7620698,76684,49537,5503916
2019-01-11,184170,996081,8369846,69689,48361,3871140
2019-01-12,220109,942344,9261581,58465,36939,3066313
2019-01-13,357625,1669997,8670153,62650,36803,5411893
2019-01-14,164481,952308,7699836,78022,53328,8317188
2019-01-15,153549,913109,7661132,77245,54419,8917964
2019-01-16,202314,902803,7831543,76952,55098,9093149
2019-01-17,265301,946314,8017197,74514,54288,8744798
2019-01-18,178927,1763653,8651839,69544,48447,5231738
2019-01-19,324138,1752051,9742690,57945,37606,3528086
2019-01-20,504300,854858,8964583,68699,40303,6745365
2019-01-21,318850,1093622,7940138,87071,56640,9291461
2019-01-22,216785,952428,7952739,90969,55476,9258265
2019-01-23,224403,961721,8095988,109921,55581,9021318
2019-01-24,283080,1166682,8350125,111960,53638,8465461
2019-01-25,377500,2941124,9243480,93006,49306,5181189
2019-01-26,675372,886703,10030188,73392,38894,3570575
2019-01-27,1558017,947822,9181619,90985,42526,6412410
2019-01-28,455951,963313,8198262,117935,55998,8914763
2019-01-29,287046,979213,8158944,123752,56870,8957794
2019-01-30,336561,971445,8224518,129098,56864,8701211
2019-01-31,262975,1018271,8531980,159631,54249,8135619
2019-02-01,169471,1039022,9346125,174740,49945,5066432
2019-02-02,302899,900158,10183675,88981,39973,3499538
2019-02-03,506222,901983,9808914,95808,44144,5997513
2019-02-04,292625,1039536,8658898,123847,56585,8426103
2019-02-05,145154,1119170,8573135,125847,56806,8504586
2019-02-06,238841,1119516,8659192,115629,55819,8477700
2019-02-07,229030,1078142,8816069,111119,54690,8084207
2019-02-08,179412,1061878,9419145,92595,49403,5214961
2019-02-09,378731,984430,10207665,70777,39774,3699462
2019-02-10,513789,1025123,9429676,84046,44762,6330299
2019-02-11,240969,1116846,8435583,117192,57540,8924532
2019-02-12,243706,1184017,8475983,108086,56400,8321354
2019-02-13,275073,1590054,8495648,116574,54438,8346092
2019-02-14,269570,3585152,8800963,116151,49778,7875278
2019-02-15,182468,1334871,9473180,91985,47396,5339131
2019-02-16,314458,923221,10308555,67560,37720,3706625
2019-02-17,366345,1089855,9503611,73477,42028,6526464
2019-02-18,324330,1261113,8422639,99868,55393,8571332
2019-02-19,291828,1342645,8411138,89872,54201,8494854
2019-02-20,359706,1443569,8476827,87422,53384,8284282
2019-02-21,308830,1809885,8697271,84126,49936,7476083
2019-02-22,232297,2764744,9866406,70888,42005,3526680
2019-02-23,309085,5466937,10755290,55013,31466,2454015
2019-02-24,525770,1052635,9419700,63531,40087,6007801
2019-02-25,207442,1189698,8277146,77360,53940,8945967
2019-02-26,137679,1232160,8371767,79906,53743,9321707
2019-02-27,269068,1234998,8457783,82074,53151,9259451
2019-02-28,266853,1436084,8655170,79993,50083,8647968
2019-03-01,290772,1998597,9454535,69278,45456,5329795
2019-03-02,956695,1102193,10422789,56540,37208,3571290
2019-03-03,1167321,1394927,9687155,59828,40133,6506440
2019-03-04,391458,1953363,8644978,73217,51580,9122644
2019-03-05,404443,1648232,8686382,71692,51279,9023653
2019-03-06,411727,2002179,8725648,65750,46523,7730396
2019-03-07,587684,3940537,10008065,54047,36292,2816744
2019-03-08,213135,6284878,11110422,44976,26216,1472945
2019-03-09,366876,1083884,10019673,51507,33737,2726825
2019-03-10,823559,2857359,8996695,58528,37695,5650409
2019-03-11,299948,979361,7774813,74031,52725,9370839
2019-03-12,311372,962040,7807093,72736,54998,9779582
2019-03-13,553197,924226,7898249,73094,54041,9789398
2019-03-14,547570,940818,8114185,71566,52791,9323820
2019-03-15,370801,932068,9100404,70039,49299,5979844
2019-03-16,550061,821097,10221448,57612,39124,3939716
2019-03-17,1238658,841148,9573369,61794,41829,7017392
2019-03-18,282852,890868,8215603,83052,55272,10035657
2019-03-19,184389,958400,8204157,80646,55459,9831620
2019-03-20,182896,1119779,8115946,75459,53688,9100696
2019-03-21,429276,984712,8403684,76502,52695,7493746
2019-03-22,568005,925363,9185800,69267,48486,4095336
2019-03-23,324854,791326,10220149,54614,39131,2404756
2019-03-24,579457,806662,9431303,56583,42830,3031805
2019-03-25,259834,954304,8365307,70036,54309,4377576
2019-03-26,194403,902586,8318020,71006,55256,4518879
2019-03-27,119722,979571,8261515,72446,52873,4576935
2019-03-28,87255,885722,8429470,71643,51112,4489789
2019-03-29,171337,866954,9241178,68525,46325,3677399
2019-03-30,570293,778571,9750042,56448,37474,3095400
2019-03-31,717274,829592,8872450,61077,38904,5039773
2019-04-01,161623,1295882,7794520,75187,50774,8234140
2019-04-02,231899,891992,7903439,69485,53220,9365029
2019-04-03,374150,887188,7955900,71009,51100,9782086
2019-04-04,177413,892261,8207307,69157,50509,9387619
2019-04-05,181108,882277,8926085,62896,46855,5634641
2019-04-06,1363299,847853,9597115,52011,36300,3608380
2019-04-07,444229,1535289,9144157,56521,38756,6881230
2019-04-08,202513,894384,8010892,69009,52502,10186793
2019-04-09,288082,882245,7921732,70342,52808,9793153
2019-04-10,640345,937375,7976546,65222,50707,9836407
2019-04-11,299417,891985,8162539,72144,48333,9083562
2019-04-12,155863,1117688,9059967,63182,44483,5544497
2019-04-13,439934,762395,9811557,50908,34714,3760926
2019-04-14,1268078,840074,9323191,56832,38415,7050553
2019-04-15,333549,913077,8072391,68237,49222,10816109
2019-04-16,1128350,918629,8014765,78772,49228,10468164
2019-04-17,512342,934494,8063668,70173,48936,10355508
2019-04-18,290699,927889,8246437,70799,45606,9333010
2019-04-19,206127,932771,8882893,71369,40452,5624956
2019-04-20,1034690,1007779,9438197,58731,30077,3537270
2019-04-21,593233,2027225,8979505,60465,32865,6531768
2019-04-22,178085,943155,7767756,80417,44911,10204896
2019-04-23,166205,940778,7830247,70994,45485,9689239
2019-04-24,775961,961253,7769911,67146,43282,9382412
2019-04-25,439962,1373247,7778068,68750,40276,8195320
2019-04-26,171535,1002863,8547520,64123,37943,5081412
2019-04-27,309229,1386355,9084305,48670,26684,2800249
2019-04-28,707414,3323433,9761515,51117,30860,4693327
2019-04-29,337223,1044453,8262113,64284,42753,8029100
2019-04-30,178447,1206679,8705313,75446,39575,3904960
2019-05-01,277470,1802765,9174780,64259,31578,1777166
2019-05-02,232523,747229,8634376,59869,31058,2333477
2019-05-03,191510,756297,8397194,54968,31127,2565130
2019-05-04,688416,750539,8218135,51513,29374,2719316
2019-05-05,714277,1120217,7987263,61061,31845,5006527
2019-05-06,164970,984536,7312587,68858,39539,7787792
2019-05-07,290846,1101988,7713135,60694,40382,7448650
2019-05-08,366892,1241293,8378304,56783,36463,3820084
2019-05-09,277830,2088130,9403645,48019,22329,2166899
2019-05-10,484648,673145,8225055,44914,26352,3137549
2019-05-11,310540,710532,8158216,45303,27842,3057589
2019-05-12,843521,1122684,7945375,47975,30823,5830469
2019-05-13,568387,963081,7312168,60392,45136,9965732
2019-05-14,207436,1000233,7585419,62943,46434,9584645
2019-05-15,429239,1277182,7845665,60714,45723,9434595
2019-05-16,335301,1009080,8112369,60094,44780,9524711
2019-05-17,405258,976217,8909105,54655,41116,6370144
2019-05-18,819994,815807,9369061,43667,28555,3439260
2019-05-19,1560278,1043838,9489494,48254,32452,5725871
2019-05-20,491252,1093527,8050562,62622,46459,9026080
2019-05-21,539428,1162689,7889066,65597,47964,8113022
2019-05-22,455032,1365115,8028515,67283,46219,6474871
2019-05-23,1510086,1295775,8285724,62650,45490,4887235
2019-05-24,371600,1225549,9002849,54912,39702,3581925
2019-05-25,1247353,908810,9278230,49770,29775,2281083
2019-05-26,1073976,881055,8710835,50380,32671,3331801
2019-05-27,248157,1114502,7966178,59183,47707,4808289
2019-05-28,103561,1488826,7919888,59271,46832,4298137
2019-05-29,196617,1009884,7831678,57454,45211,3753146
2019-05-30,141046,985951,8004213,58115,44453,3111671
2019-05-31,102410,1080698,8687250,58273,39800,2323171
2019-06-01,404916,1357768,8771357,45620,28992,1581915
2019-06-02,441401,724540,8330713,48167,33220,2160517
2019-06-03,180871,959328,7763462,68399,47924,2796740
2019-06-04,128943,1173772,7974685,65994,48890,2689569
2019-06-05,131238,952835,7900320,59886,47055,2901529
2019-06-06,158749,1108652,7949707,58095,45306,2679750
2019-06-07,204858,883718,8568249,55897,41639,1936959
2019-06-08,475794,755551,8748861,44619,29576,1388644
2019-06-09,897241,953101,8172445,47689,33137,1694656
2019-06-10,319539,865903,7741792,58781,48604,2502780
2019-06-11,443393,889595,8182294,57195,45524,2041019
2019-06-12,243394,1448553,8356786,52776,36408,1565546
2019-06-13,131031,885874,8123011,65032,47138,2154049
2019-06-14,103758,995838,8804624,62617,43436,1765063
2019-06-15,138871,1026569,8899055,46292,32883,1155820
2019-06-16,198317,2385180,8539711,49116,35447,1311179
2019-06-17,100838,942451,7891743,62980,50868,1885894
2019-06-18,80372,898749,7893323,63290,49714,1877699
2019-06-19,81334,885942,7914419,71148,49044,1820584
2019-06-20,96833,896886,7949396,68631,45985,1726751
2019-06-21,87136,889780,8647548,65145,41632,1462024
2019-06-22,120108,709084,8702322,53228,29963,1043487
2019-06-23,254302,698555,8286430,52960,33397,1133095
2019-06-24,106302,850830,7850878,65651,48870,1637122
2019-06-25,87229,900870,7941603,78530,49665,1561934
2019-06-26,86277,877963,7996537,69235,48458,1517533
2019-06-27,94620,998587,8219568,68297,47090,1421904
2019-06-28,213124,882557,8757857,56596,42611,1132670
2019-06-29,150182,728844,9024874,45145,34717,756857
2019-06-30,212199,724864,8344422,46204,36432,782263
2019-07-01,91952,824250,7578246,57346,50875,1007000
2019-07-02,92273,811543,7648569,58913,52895,1007903
2019-07-03,165480,905438,7638561,62507,50689,972429
2019-07-04,98121,799072,7682625,60557,50336,929146
2019-07-05,83767,816822,8458664,53288,45536,821708
2019-07-06,184889,780468,8766418,42908,34909,609622
2019-07-07,416226,1043298,8193241,45109,36425,635750
2019-07-08,179178,1891693,7636738,56384,52421,865024
2019-07-09,85771,796631,7698962,86363,53491,889192
2019-07-10,70992,789968,7719122,55687,52037,908231
2019-07-11,69707,838903,7960645,53968,50625,893942
2019-07-12,223260,991694,8588598,53770,45597,813022
2019-07-13,254383,664392,8700996,41561,34294,585089
2019-07-14,676455,765483,8170536,42179,35695,610381
2019-07-15,249537,755779,7677197,55191,51306,885349
2019-07-16,71916,768582,7800195,56184,52828,920406
2019-07-17,66301,781824,7873051,55700,52295,910439
2019-07-18,63071,801159,7991845,55380,50061,883613
2019-07-19,86335,799563,8548432,51417,44718,788749
2019-07-20,627514,684026,8685528,41536,32936,558603
2019-07-21,581522,847413,8160587,43078,35031,591913
2019-07-22,139336,751371,7826041,53820,50845,857860
2019-07-23,174528,804308,7834956,54060,52435,893223
2019-07-24,208374,978223,7840690,55778,51057,862952
2019-07-25,143110,825472,7890715,56280,49360,817341
2019-07-26,152296,803739,8445785,52778,44264,717536
2019-07-27,373091,849757,8668293,43742,31798,538968
2019-07-28,495440,1166663,8191121,49591,33848,589308
2019-07-29,182535,784088,7745534,63557,53196,836030
2019-07-30,106955,1133734,7843044,64492,53479,866130
2019-07-31,105145,848342,7923229,64917,52149,898605
2019-08-01,95415,1036255,8086063,62331,49807,895159
2019-08-02,79959,1583391,8930198,60839,46788,815365
2019-08-03,681817,791535,8830012,56202,35298,612775
2019-08-04,529700,948852,8351540,53922,36714,656476
2019-08-05,142961,821682,7862973,65642,52480,926288
2019-08-06,108865,839641,7804816,68760,53991,934669
2019-08-07,208532,824579,7728999,62330,51967,912365
2019-08-08,179973,860589,7849990,60140,50355,891655
2019-08-09,167449,953834,8711063,56557,46190,840040
2019-08-10,527677,883062,8944158,49228,33727,628263
2019-08-11,1097155,1254487,8302686,52609,34959,649126
2019-08-12,197862,880659,7712225,67231,52285,921260
2019-08-13,759580,843420,7702164,59932,53137,967658
2019-08-14,308570,1260544,7709340,56423,51442,943840
2019-08-15,186604,817722,7732543,54713,47719,913635
2019-08-16,177443,851084,8554046,51454,44632,849321
2019-08-17,648399,712455,8908737,43551,33752,639277
2019-08-18,873558,788349,8274389,43884,34173,675703
2019-08-19,1249225,1377717,7744790,55599,49701,962158
2019-08-20,183793,828363,7760291,57690,50264,973965
2019-08-21,150374,850593,7812616,63952,48925,978364
2019-08-22,153986,853511,8053573,60841,47703,976885
2019-08-23,139800,827376,8720532,57083,42430,886427
2019-08-24,897216,722623,8986004,43764,30432,655688
2019-08-25,1049065,759744,8499770,44546,31807,742067
2019-08-26,266374,836320,8036431,57023,47002,1069375
2019-08-27,182564,884522,8074215,59838,46833,1125968
2019-08-28,135928,1147152,8083549,63899,47580,1133644
2019-08-29,177822,1026967,8132335,56916,44785,1120641
2019-08-30,232878,960746,8766177,55668,39619,1033455
2019-08-31,707070,944805,9035028,43683,29172,886032
2019-09-01,926596,1607214,8323841,44878,29780,1087184
2019-09-02,257462,1415595,7281248,54513,41529,2167229
2019-09-03,238928,845120,7520654,58173,46180,6276112
2019-09-04,264872,819484,7392452,62569,46712,7654181
2019-09-05,351291,844117,7710289,61566,44777,7572368
2019-09-06,921408,838686,8563470,58383,41236,3817338
2019-09-07,5053926,758928,9247011,45261,29786,2769787
2019-09-08,2853738,972426,8597494,50247,30805,5991674
2019-09-09,865003,880011,7679089,60739,46370,8992655
2019-09-10,506564,855010,7997611,60215,46595,9294094
2019-09-11,234208,889073,8059427,61636,47065,9340163
2019-09-12,200488,882036,8153856,64134,46156,8632498
2019-09-13,421868,1029102,9028567,63057,41177,4656037
2019-09-14,619938,776722,9701046,54440,30639,3158284
2019-09-15,509145,802845,9090927,58822,32137,6640714
2019-09-16,257711,880939,7924605,72858,45668,9482521
2019-09-17,563745,922443,7897258,70715,45859,9575936
2019-09-18,671515,935377,8037296,71448,44226,9483215
2019-09-19,315212,964320,8195884,67005,42567,8786524
2019-09-20,340581,963012,8934531,60506,40271,4965282
2019-09-21,535345,1097600,9655439,47754,29373,3413365
2019-09-22,835613,825682,9028851,51794,32880,6744447
2019-09-23,176596,953894,7892513,66105,44238,9665183
2019-09-24,234293,998403,7920732,67079,44654,9793162
2019-09-25,524000,1029594,8017652,67971,43314,9755878
2019-09-26,166392,1139225,8270576,64849,42074,9155211
2019-09-27,169017,1797236,9283496,61422,39352,5283785
2019-09-28,619161,894177,9834937,49168,29765,3591188
2019-09-29,661843,1101475,9187437,54173,32964,6949233
2019-09-30,291638,1707030,8152614,67379,45457,9923477
2019-10-01,515216,1415945,8245759,67859,45070,10013079
2019-10-02,560125,1139518,8324118,67004,44995,9916344
2019-10-03,312665,1298240,8591506,65793,44102,8210814
2019-10-04,157563,1877260,9851211,58041,41064,3961282
2019-10-05,424567,1849159,10313476,47495,30409,2900679
2019-10-06,1024434,904845,9509280,54235,33366,5902165
2019-10-07,208011,1039142,8222621,66451,46257,9314651
2019-10-08,122259,977477,8245926,67192,46712,9660756
2019-10-09,154392,982627,8468199,69585,46686,9769330
2019-10-10,377116,993169,8628051,68191,43741,9004113
2019-10-11,424690,1133489,9575857,61692,39792,5631309
2019-10-12,282667,867657,10349943,51713,30660,3841831
2019-10-13,637375,956706,9527407,54083,32931,7080965
2019-10-14,341667,1477936,8343732,68357,46394,10665249
2019-10-15,265403,982705,8339895,69809,45877,11007697
2019-10-16,133822,1037557,8525039,67102,45469,11094016
2019-10-17,122657,988584,8790883,66434,43616,10577460
2019-10-18,251183,1029063,9654343,60169,39942,6323060
2019-10-19,1248295,859012,10269458,49618,29424,4114589
2019-10-20,784946,1026767,9446063,52161,31347,7626061
2019-10-21,185097,969789,8343884,64937,45410,11355899
2019-10-22,380595,1000952,8385987,67039,45298,11401615
2019-10-23,439089,991032,8466131,71878,44224,10835853
2019-10-24,223002,1030823,8816211,75219,43161,9250335
2019-10-25,165950,1089959,9600769,65461,39385,4866783
2019-10-26,403113,1071330,10361379,52558,30003,2769830
2019-10-27,868890,1582423,9540897,57602,32626,4042571
2019-10-28,159951,1154089,8507968,68308,44378,5701949
2019-10-29,226362,1153039,8529920,66831,43889,5540039
2019-10-30,389963,1303374,8548050,66933,42511,5299578
2019-10-31,268058,1067549,8648707,68861,40419,4690741
2019-11-01,187405,1105109,9438486,65647,37018,3270621
2019-11-02,611377,962159,9995254,48282,29322,2162753
2019-11-03,1160724,912200,9692105,50147,30146,2577690
2019-11-04,668947,1785922,9048135,70591,33928,4751418
2019-11-05,374370,1080992,8199779,67431,44859,7843777
2019-11-06,433946,1091494,8277854,69526,44405,8885168
2019-11-07,360909,1318593,8583917,66595,43642,8956614
2019-11-08,211936,1074662,9545943,61730,40453,5492945
2019-11-09,1076859,1011394,10374148,51922,31354,3911078
2019-11-10,1157980,1692823,9580987,54614,33608,7275852
2019-11-11,206939,1161958,8281376,66988,45687,10551319
2019-11-12,135778,1148930,8348737,66790,45994,10957053
2019-11-13,153322,1171035,8413341,132799,44416,10886853
2019-11-14,202099,1143417,8606521,154778,43797,10179908
2019-11-15,298922,1084230,9487717,65774,39658,5915314
2019-11-16,411210,957710,10244091,51399,30898,3920845
2019-11-17,406487,1046297,9542947,55831,32624,7119467
2019-11-18,177962,1162533,8434061,73013,45587,10049024
2019-11-19,245929,1279431,8415816,79203,43286,10115100
2019-11-20,220149,1242177,8386749,80221,42510,9903745
2019-11-21,114795,1723601,8498776,73545,40858,9220581
2019-11-22,264081,1731997,9520264,63631,37271,5693601
2019-11-23,656699,1282463,10271141,55685,28761,3929973
2019-11-24,717318,2996181,9655484,58406,30316,7058533
2019-11-25,166858,1162835,8314721,69762,42713,10645413
2019-11-26,376864,1166656,8285373,71940,43265,10862716
2019-11-27,475656,1208820,8376952,74027,42122,10827840
2019-11-28,445514,1174698,8548090,77248,40765,10118325
2019-11-29,1362182,1130208,9582281,67678,38474,6082216
2019-11-30,1963938,1076646,10382169,55793,29947,4262246
2019-12-01,1193735,1450766,9516427,59252,31026,7452996
2019-12-02,366705,1271114,8344446,75322,41518,10974725
2019-12-03,177064,1487413,8411055,77454,40677,10978274
2019-12-04,289351,1389020,8588299,76235,38851,10598977
2019-12-05,197753,1282136,8764521,80226,38466,10028786
2019-12-06,311733,1234106,9724179,72994,35509,6207033
2019-12-07,687122,1185296,10511385,58498,27309,4272321
2019-12-08,967912,1160960,9711573,67008,30028,7631320
2019-12-09,228778,1281184,8601829,89376,39632,11146403
2019-12-10,459882,1300474,8682532,84109,38775,11274973
2019-12-11,396888,1278551,8695184,80086,37758,11179304
2019-12-12,336126,1306901,8796983,80331,34538,10532147
2019-12-13,196016,1244333,9731877,75715,32846,6724592
2019-12-14,418954,1065273,10467168,60777,25364,4335290
2019-12-15,772534,1154789,9676976,69983,27422,7797634
2019-12-16,188988,1305071,8537291,89535,36476,11658741
2019-12-17,164463,1386670,8611778,86076,36157,11743160
2019-12-18,296156,1376688,8693299,97915,34469,11630331
2019-12-19,160548,1685704,8805424,112684,32214,10946105
2019-12-20,133281,1469095,9756164,77378,29536,6769842
2019-12-21,343914,1178298,10450684,63794,24077,4036273
2019-12-22,345990,1502664,9738868,68096,26420,7053457
2019-12-23,143253,1442032,8850735,84697,34128,10426828
2019-12-24,96258,1608525,8999225,80314,32360,9425228
2019-12-25,107835,1700887,9232040,77343,30836,7616531
2019-12-26,276672,1619269,9598165,77071,29888,5212675
2019-12-27,193864,1741622,10585459,70506,28177,2676721
2019-12-28,353713,1330227,10910517,58049,23185,1422146
2019-12-29,1089324,1409100,10215020,54909,23011,1284402
2019-12-30,274666,2390876,9921769,64360,24760,1182342
2019-12-31,251240,5486382,11219981,52434,14859,575766
2020-01-01,308348,1833429,12102173,63439,21036,677913
2020-01-02,301720,933955,9395675,68685,30685,1043246
2020-01-03,229076,842182,8463241,82274,30405,1282096
2020-01-04,636800,835393,8147394,106254,31240,1355395
2020-01-05,938715,918662,8155756,125834,30293,1492603
2020-01-06,417434,2525495,8500100,137407,30222,1649839
2020-01-07,161957,2386627,9231402,132576,30882,1855795
2020-01-08,163852,897785,8205119,196027,36733,2934175
2020-01-09,178874,1023275,8043768,141666,48402,4528949
2020-01-10,156430,1029703,8846846,114326,54373,3659037
2020-01-11,323647,1025117,9395067,91718,41325,3117969
2020-01-12,304329,1061409,8920374,93096,41975,5486408
2020-01-13,154868,1848578,8189093,102649,54204,9077641
2020-01-14,147911,1137447,8284861,103441,56494,10254246
2020-01-15,186518,1049725,8289234,140138,56303,10655322
2020-01-16,186001,1038719,8592978,145936,55086,10222664
2020-01-17,148804,1080291,9875056,116465,54362,6110043
2020-01-18,364518,1877999,10548067,90167,41700,4116370
2020-01-19,1359785,1992746,9643813,95900,44472,7813235
2020-01-20,263583,1085827,8529264,117574,58894,11171418
2020-01-21,236150,1291561,8639885,159189,59616,11182427
2020-01-22,240831,1085715,8684284,226352,58459,10892966
2020-01-23,252724,1099339,8827116,279190,54993,10199462
2020-01-24,211486,1310378,9724626,330277,50297,6089722
2020-01-25,317259,3186788,10672187,353487,38587,4026494
2020-01-26,323060,1034299,9660605,425570,41822,7242499
2020-01-27,151145,1168246,8597420,606060,54865,10507163
2020-01-28,125225,1115120,8681498,611965,55254,10640373
2020-01-29,155690,1103984,8806368,617345,53072,10398740
2020-01-30,168216,1119235,9068137,557568,49322,9741796
2020-01-31,113933,1164805,10093148,699005,45481,5946086
2020-02-01,320863,1088739,10947037,529903,35704,3901039
2020-02-02,292512,1076763,9999598,481537,38778,6858691
2020-02-03,138266,1144746,8841897,590742,50738,10077530
2020-02-04,140197,1171938,8925364,516285,52402,10304297
2020-02-05,153487,1181723,8964512,462113,50781,10191446
2020-02-06,194501,1273140,9155943,402574,47359,9536556
2020-02-07,144739,1175503,10205398,374209,43899,6075371
2020-02-08,245864,1043393,10928761,286931,35393,4116826
2020-02-09,641187,1162808,9978879,289530,39088,6959839
2020-02-10,149646,1287340,8778212,359168,49835,10097014
2020-02-11,123269,1272935,8902825,310293,49604,9553205
2020-02-12,108658,1326834,9082197,276135,49048,9648622
2020-02-13,195370,1800555,9257778,264457,47553,9378392
2020-02-14,161210,4128910,10361537,246687,42490,5962476
2020-02-15,363060,1415666,11023830,199086,35284,4340921
2020-02-16,377526,1123021,10102374,206301,38431,7422402
2020-02-17,301079,1435602,8991453,252702,50419,10202968
2020-02-18,341245,1464447,9054723,250637,50290,10196664
2020-02-19,298701,1533222,9206300,219355,49308,9797593
2020-02-20,275488,1817639,9460426,214478,46196,9029563
2020-02-21,219608,2008919,10594422,216247,40157,5266302
2020-02-22,501551,2221029,11223533,202186,32113,3014789
2020-02-23,736962,6397137,11445431,258857,30155,3096492
2020-02-24,409110,1835407,9647259,351030,37041,7625224
2020-02-25,445366,1357635,8605223,468954,43923,10712223
2020-02-26,387373,1354150,8680016,501323,41249,11003174
2020-02-27,309340,1332624,8936435,535340,37144,10362041
2020-02-28,230388,1278550,9862937,698721,32929,6297746
2020-02-29,839763,1319835,10733101,455450,26339,4232654
2020-03-01,584220,4037862,9936103,458663,26242,7296699
2020-03-02,217587,1528636,8722959,801137,34347,11193918
2020-03-03,174834,1597640,9064949,749462,32918,11270563
2020-03-04,376417,1660092,9014597,571852,31885,11021802
2020-03-05,197893,1979171,9197960,527526,29085,9640191
2020-03-06,222274,2610689,10762736,578435,24894,4692244
2020-03-07,476763,3058318,10977916,456064,20389,2570778
2020-03-08,891672,7433728,11721362,420237,19482,2113741
2020-03-09,902099,1059760,9442503,522032,24909,7099003
2020-03-10,207563,1086590,8300971,829122,28584,11075980
2020-03-11,352451,1063936,8327933,1048710,27642,11478731
2020-03-12,333461,1076947,8516214,1443754,24355,10965269
2020-03-13,156847,1031701,9708319,1609530,21271,6964376
2020-03-14,411629,927627,10734185,1717338,16349,4454330
2020-03-15,477924,989185,10016712,1955271,17131,7926737
2020-03-16,152068,972032,8426158,3798768,17244,10767295
2020-03-17,76181,925001,8462582,4154388,14752,10230979
2020-03-18,70019,924193,8594839,3349197,13998,9913222
2020-03-19,84927,993990,8912717,3150970,13655,9108960
2020-03-20,70547,1130557,9894284,2674500,13064,6155619
2020-03-21,69887,985269,10639609,2190119,11833,3719907
2020-03-22,84299,956628,9827180,2385315,12117,4306837
2020-03-23,60965,969119,8810758,3051649,13334,7244226
2020-03-24,56225,996517,8856985,3146098,13418,7951458
2020-03-25,57797,1062101,8554959,4016710,11610,7748089
2020-03-26,51398,853487,8577099,5553868,10272,7802950
2020-03-27,49670,932287,9179943,6367241,8590,6175127
2020-03-28,56176,771142,9908884,5621648,7613,3692745
2020-03-29,56064,754454,9574540,6361289,7760,4001197
2020-03-30,64204,822498,8927977,7886919,8566,5965296
2020-03-31,65688,881655,8995927,8117600,8649,6357885
2020-04-01,67579,1355027,9115752,7346564,9299,6810077
2020-04-02,78997,872623,9092743,7974210,8446,7090940
2020-04-03,61057,845219,9646139,7555246,8266,6934786
2020-04-04,58402,883759,10189196,5939271,8568,5957433
2020-04-05,69100,948385,9843071,5686826,9429,8159731
2020-04-06,54964,989868,9124007,5682729,9728,24604236
2020-04-07,64330,1819579,9286383,5034291,9713,29241814
2020-04-08,63807,993546,9166512,4670534,9852,30205471
2020-04-09,63495,957514,9366553,4732445,10116,29203112
2020-04-10,63514,1084009,10345360,5073586,9760,24315831
2020-04-11,58001,1223520,10812693,4850522,8990,11748487
2020-04-12,58171,3068774,10262742,5155358,9201,12934519
2020-04-13,48792,995645,9286486,6963476,10079,31705734
2020-04-14,48669,1035163,9398185,6653944,10022,32634633
2020-04-15,58689,1084321,9364843,6195924,9408,31872765
2020-04-16,63419,1690929,9502135,5548747,9601,30330770
2020-04-17,69601,1264843,10308002,5698999,9464,25250871
2020-04-18,104264,1918334,10432072,4455788,8567,10935444
2020-04-19,132715,4428081,11127221,4520136,8999,9663560
2020-04-20,73429,1102079,9568211,5224654,10301,30796291
2020-04-21,56955,1173533,9500628,4942954,10232,31672795
2020-04-22,51364,1153749,9557784,4751965,10450,31155190
2020-04-23,55420,1163238,9638289,4568372,10011,29968059
2020-04-24,62144,1234728,10508989,4225805,10133,24741884
2020-04-25,58682,1412868,10810021,3968965,9313,11152763
2020-04-26,54582,1571434,10295232,3808103,9808,10975232
2020-04-27,49765,1163223,9638392,4268445,10758,29871713
2020-04-28,45568,1415082,9701068,4058306,10530,29576138
2020-04-29,44372,1255224,9640009,4263064,10426,30055370
2020-04-30,47561,1517600,10077462,4095956,9455,23839765
2020-05-01,51459,2641255,10982509,3324074,8496,5165294
2020-05-02,52897,959502,9899617,3290161,8743,4745143
2020-05-03,50487,1049396,9530927,3197793,8609,4301498
2020-05-04,47085,1049543,9213705,3378657,9978,6459057
2020-05-05,50743,1167957,9035126,3202904,9827,7109075
2020-05-06,47923,1320765,9142548,3322193,10057,15086387
2020-05-07,52444,1507342,9556873,3334183,9757,14711654
2020-05-08,82127,1856055,10510274,3335650,9105,12042240
2020-05-09,176670,3509321,13166601,2451871,7577,3718691
2020-05-10,1267328,1013664,9606996,2950580,8826,5093969
2020-05-11,306542,972637,8666753,3824921,9502,10105322
2020-05-12,153016,1499979,8637441,3864744,10577,26783937
2020-05-13,119586,1083533,8807547,3158645,11025,28812214
2020-05-14,106399,1115853,9060575,2884531,11057,29160182
2020-05-15,76495,1642366,9847753,2798554,10688,23828159
2020-05-16,99795,1024480,10127650,2249593,10186,9743349
2020-05-17,126622,1025489,9434526,2245770,10940,8938405
2020-05-18,72566,1221228,9164503,2703169,12325,26518797
2020-05-19,57620,1505717,9251956,2492470,11708,26953732
2020-05-20,50026,1269582,9216405,2448890,11498,25248856
2020-05-21,52011,1351945,9495661,2432171,11782,22577615
2020-05-22,49023,1757190,10401114,2433108,11108,16826668
2020-05-23,77225,1286450,10376105,1913226,10398,6966080
2020-05-24,56815,1600515,9596514,1924276,10557,5778400
2020-05-25,44952,1583732,9152107,2374949,11792,12869509
2020-05-26,86293,1362117,9117255,2257353,11702,12593807
2020-05-27,55530,1526436,9072884,2314759,11357,10677921
2020-05-28,45731,2411710,9368616,2342112,10849,8377225
2020-05-29,48165,1545117,10024475,2342308,10859,5775779
2020-05-30,60865,1080056,10089063,1726274,9602,3253913
2020-05-31,122176,1343977,9686322,1957465,10974,2883643
2020-06-01,56845,2386599,9078692,2395992,11941,4828561
2020-06-02,42493,1162113,9082164,2083356,12658,4962905
2020-06-03,42332,1262468,9003174,2026414,12194,4795053
2020-06-04,44631,1142112,9132572,2019648,11685,4562256
2020-06-05,43232,1164481,9844520,1850342,10924,4011238
2020-06-06,62880,1143426,10027043,1492959,9273,2721814
2020-06-07,130557,2096251,9427479,1496179,9902,2259407
2020-06-08,45049,1252526,8657565,2125435,12247,4147884
2020-06-09,58172,1538762,8656913,1903902,12731,4227535
2020-06-10,48163,1073840,8783588,1606716,12967,4214736
2020-06-11,46548,1114800,9316636,1610781,12372,3890810
2020-06-12,110025,1887802,9983032,1321279,10856,2180845
2020-06-13,111936,873899,9712308,1319727,11296,2569371
2020-06-14,107801,969372,9255130,1300448,12097,2222802
2020-06-15,54755,1064269,8558894,1760634,14038,3918909
2020-06-16,74488,1062338,8527848,1500084,14183,3978057
2020-06-17,119765,1061819,8583700,1483456,14659,3866843
2020-06-18,67585,1039167,8809329,1460667,14560,3868733
2020-06-19,184978,1142930,9475223,1299023,13650,3657120
2020-06-20,214102,1183741,9953171,1054269,11765,2538256
2020-06-21,381132,2532899,9450788,1089236,13221,2075623
2020-06-22,146349,1083586,8864717,1462256,16270,4105715
2020-06-23,121442,970090,9023487,1381108,16460,3793736
2020-06-24,147322,954124,9084154,1104422,14668,2579599
2020-06-25,174648,963231,8725445,1362536,16306,3705138
2020-06-26,114984,953826,9310667,1285133,15482,3330978
2020-06-27,302986,1174931,9663006,987706,12797,2283187
2020-06-28,277890,873171,9166742,1029443,14231,1780367
2020-06-29,107945,945557,8722329,1377794,17442,2986020
2020-06-30,175570,976276,8973863,1281342,17006,2680676
2020-07-01,223469,983512,9066189,1038055,15608,1884236
2020-07-02,180261,948746,8828653,1238386,17710,2425645
2020-07-03,84341,1107991,9459256,1116855,17108,2082165
2020-07-04,340794,838493,9686324,861051,14931,1607268
2020-07-05,258046,876248,9000226,912485,15691,1658022
2020-07-06,115135,1043447,8631744,1226969,18969,2030298
2020-07-07,151093,1324501,8565116,1137455,19407,1716489
2020-07-08,298976,2623841,8622216,1135765,18784,1733164
2020-07-09,147553,950663,8841734,1112988,18448,1816027
2020-07-10,103168,954795,9621275,1067518,17423,1555458
2020-07-11,291655,888693,9786780,806908,13900,1090140
2020-07-12,1022638,1310662,9141146,846557,14910,1138565
2020-07-13,292714,909629,8667609,1136653,19312,1527222
2020-07-14,165864,951208,8800473,1055658,19224,1513972
2020-07-15,259015,949028,8738706,1033804,18882,1568513
2020-07-16,259156,943222,8918941,983714,18040,1456873
2020-07-17,103784,968535,9768333,955295,16975,1161351
2020-07-18,109411,848586,9894898,753604,13838,898807
2020-07-19,332392,858945,9205532,749067,14875,951246
2020-07-20,120752,943793,8740223,1017861,19169,1259650
2020-07-21,121551,1211237,8953123,941433,18852,1215910
2020-07-22,318846,967498,8931216,950229,18654,1215864
2020-07-23,128151,1013863,9057545,956014,17869,1203501
2020-07-24,571351,1253298,9705583,901634,17716,1092702
2020-07-25,407614,1212713,10105351,697897,15160,763835
2020-07-26,349785,1485975,9467490,697728,16338,777631
2020-07-27,133268,941163,8763751,977669,20309,1125571
2020-07-28,92509,1084459,8925318,927244,19563,1188539
2020-07-29,103656,973026,8916840,927035,19552,1174289
2020-07-30,77895,1377137,9170020,902622,18796,1135533
2020-07-31,85449,1411012,10148755,914831,17872,1055204
2020-08-01,178824,1239142,10505130,718466,16415,844218
2020-08-02,130666,2163930,10005926,715987,18239,851089
2020-08-03,74754,967151,8912022,952084,22678,1244355
2020-08-04,69654,978924,8984350,924518,23768,1302309
2020-08-05,124556,997112,8848571,948566,21479,1272527
2020-08-06,108088,986175,8971092,896909,21099,1271740
2020-08-07,444623,1058773,9876152,849744,19498,1191152
2020-08-08,481827,1065624,10145580,689637,15840,841265
2020-08-09,426840,1328439,9634132,675693,17184,868238
2020-08-10,273241,978356,8991336,920672,21998,1374900
2020-08-11,326637,1031682,8962650,842084,21981,1422723
2020-08-12,207208,1071758,8997768,804382,21033,1455466
2020-08-13,187477,1009075,9202053,779247,20683,1413830
2020-08-14,584209,1572847,9975992,721301,18915,1272063
2020-08-15,613292,861458,10333136,562109,16005,919235
2020-08-16,522969,849306,9474616,581658,16692,906243
2020-08-17,218102,924414,8880675,797266,20495,1390962
2020-08-18,341628,1037441,8985376,741905,20474,1402163
2020-08-19,895898,1761605,9043999,719791,20343,1405844
2020-08-20,193941,995935,9108816,720746,19738,1380838
2020-08-21,269214,1064822,9989120,684180,18736,1246004
2020-08-22,809238,876968,10109314,523422,15394,908962
2020-08-23,1641401,830738,9385470,561472,16463,948440
2020-08-24,446548,960730,8927223,777910,20749,1421279
2020-08-25,247285,1002486,9005125,755044,20924,1450217
2020-08-26,609975,1014884,9004272,731417,19994,1475418
2020-08-27,142117,1048203,9105349,719422,20048,1434437
2020-08-28,114013,1397938,9915366,675373,18252,1320783
2020-08-29,466935,1152428,10167009,517304,15102,1024910
2020-08-30,513083,1065748,9514731,560154,15907,1183121
2020-08-31,93615,1497847,8833233,811982,18729,1548631
2020-09-01,74938,2513994,8270833,739770,18362,2527900
2020-09-02,80601,981576,7994108,734456,19095,8511346
2020-09-03,287008,972817,8780883,713648,19823,10084188
2020-09-04,247446,977097,9603070,695159,19015,5378651
2020-09-05,269126,926025,10595255,540959,16154,4181945
2020-09-06,522374,1017815,9632985,575491,16888,8417430
2020-09-07,226210,956584,8404955,787916,20083,11912077
2020-09-08,241178,1296407,8621288,764652,20208,12933640
2020-09-09,184519,1064300,8695450,764735,19366,13002346
2020-09-10,141719,991502,9069616,786801,19334,10427090
2020-09-11,182178,1023039,10051478,719803,18549,6308595
2020-09-12,445396,904196,10502916,524576,18042,4798825
2020-09-13,751040,1089233,9658013,592576,19255,9147750
2020-09-14,376817,985351,8609717,890796,22849,13315576
2020-09-15,149816,1009977,8631554,788473,23411,13719207
2020-09-16,148391,998224,8780964,763162,22869,13674076
2020-09-17,123866,1025658,9064736,762942,23758,12859351
2020-09-18,135437,1049316,10060812,733722,21291,7639151
2020-09-19,300056,957917,10916339,586165,19412,5080079
2020-09-20,792632,1001246,9888734,630870,20201,9221151
2020-09-21,149014,1345556,8643847,840555,23316,13805539
2020-09-22,128287,1068941,8608235,773982,22968,14114335
2020-09-23,110803,1086288,8704604,784681,23448,13878824
2020-09-24,154529,1119421,8936045,892329,22954,13227933
2020-09-25,143755,1265584,9841014,1034136,20197,8073102
2020-09-26,471562,1009651,10594712,844157,16395,4863916
2020-09-27,579940,1737339,9740570,885594,16221,9008401
2020-09-28,292850,1180467,8585750,1218400,20163,14127085
2020-09-29,162984,1414677,8639325,1223822,21156,14401186
2020-09-30,180894,2069449,8669805,1100423,20621,14241538
2020-10-01,163288,1704394,8929911,1190955,19650,13203537
2020-10-02,110935,1356868,10066554,1141279,18705,7413326
2020-10-03,303068,1073957,10692354,899558,16919,4422656
2020-10-04,536289,1451884,9849513,1026366,18090,7699382
2020-10-05,110936,2877724,8740721,1350016,20474,11385426
2020-10-06,97448,1082975,8621517,1389263,19877,12956847
2020-10-07,160207,1067033,8770918,1399151,19763,12997916
2020-10-08,222722,1071447,8988203,1465397,19193,12621874
2020-10-09,147236,1046179,10145752,1393071,18306,7884015
2020-10-10,159538,963792,10986047,1075036,15668,4966361
2020-10-11,277943,1123144,10042897,1262398,16975,8259591
2020-10-12,147315,1046537,8696169,1579740,19784,13294149
2020-10-13,168680,1083230,8686506,1486512,19463,14212607
2020-10-14,331730,1706422,8777914,1553242,18935,14186188
2020-10-15,175820,1039057,8991496,1473831,18980,13485179
2020-10-16,141675,1097385,10060141,1457943,18256,8588039
2020-10-17,775601,948890,10804075,1120351,16235,5584625
2020-10-18,630065,1127957,10116900,1207983,17239,8940339
2020-10-19,188853,1029673,8799904,1609368,19870,14311762
2020-10-20,396314,1232240,8791775,1773019,20478,15108493
2020-10-21,484820,1035984,8785181,1446665,20050,15024475
2020-10-22,257732,1057695,9097108,1398262,19770,13836384
2020-10-23,553795,1133298,10303156,1365367,18574,8392398
2020-10-24,5157766,1216869,11102550,1071943,16650,4721433
2020-10-25,2661991,2042119,10192042,1113338,17248,6400186
2020-10-26,635788,1103822,9131157,1538715,20757,10375486
2020-10-27,365801,1089943,9068507,1519190,20655,10853977
2020-10-28,517397,1370473,9000865,1547114,20155,10321141
2020-10-29,280336,1295662,9257399,1509504,19604,9165497
2020-10-30,164506,1536004,10248910,1388228,20200,6206203
2020-10-31,588735,1065718,10887422,1131180,16558,3708296
2020-11-01,932605,1146346,10073378,1201010,17225,4515458
2020-11-02,156447,1112949,9265244,1547851,20045,7837951
2020-11-03,223373,1202913,9836266,1394092,20171,6636301
2020-11-04,266723,2180439,10003792,1248977,18022,5720179
2020-11-05,206728,1186130,9306934,1496421,20175,9081904
2020-11-06,126432,1175246,10175386,1403897,19919,7063109
2020-11-07,460013,1432261,10686287,1122837,16639,5031975
2020-11-08,667330,1070251,9766344,1181021,17349,7168481
2020-11-09,115221,1193756,8757045,1481242,20501,14880452
2020-11-10,93199,2138696,8849719,1434149,20300,16288351
2020-11-11,102863,1205823,8847612,1402783,19602,16681349
2020-11-12,134927,1213178,9098066,1381830,19943,16051654
2020-11-13,94020,1229964,10338810,1263722,19196,11051564
2020-11-14,167209,1122587,11080050,1017445,17313,6407544
2020-11-15,264213,1128229,10166065,1066966,18552,9750311
2020-11-16,144391,1218545,8970001,1349729,20939,17748237
2020-11-17,160958,1304904,8962141,1242250,20913,18471517
2020-11-18,311100,1277630,9079382,1253749,20686,18209847
2020-11-19,299260,1401418,9312073,1200386,20551,17534130
2020-11-20,121043,1379778,10442356,1148719,19582,12046822
2020-11-21,478030,1663957,11261289,948413,17451,6902362
2020-11-22,441534,1930157,10440833,1000793,18667,10348479
2020-11-23,149554,1362813,9213448,1254405,22007,18280161
2020-11-24,276100,1379149,9221824,1172889,21744,18869333
2020-11-25,279887,1395921,9325122,1161777,21677,18901233
2020-11-26,202424,1424797,9547540,1150521,20780,17887186
2020-11-27,167685,1498321,10601495,1111987,20008,11878206
2020-11-28,651358,1687181,11424895,913956,17557,6948968
2020-11-29,1695406,3437727,10652513,932478,17741,10395525
2020-11-30,281974,1339190,9099385,1188470,21672,17998453
2020-12-01,261888,1704208,9273553,1186446,18090,18626479
2020-12-02,245896,1405434,9352723,1200169,17979,19524356
2020-12-03,209009,1630757,9574426,1243567,17473,17957690
2020-12-04,109329,1490500,10628447,1166526,16610,11881535
2020-12-05,590763,1260263,11409455,976725,14520,7204587
2020-12-06,494833,1313707,10680462,1041100,18466,10729566
2020-12-07,144455,1542870,9358601,1256333,22361,18079960
2020-12-08,507844,1423280,9378455,1211685,19415,18557912
2020-12-09,351361,1399572,9396961,1228072,18023,18477915
2020-12-10,148890,1421383,9556030,1166148,16703,17589181
2020-12-11,130775,1338794,10497348,1075100,18632,11633960
2020-12-12,602157,1286873,11226679,899606,16570,7237027
2020-12-13,691294,1332977,10467397,924871,17961,11027867
2020-12-14,168358,1394838,9423756,1186835,20889,18802724
2020-12-15,130808,1430383,9338053,1143571,20021,19111371
2020-12-16,301315,1404727,9371207,1128235,19750,19275502
2020-12-17,389319,1475292,9570398,1053865,18938,18497028
2020-12-18,138319,1422753,10724878,996021,18266,12652981
2020-12-19,239731,1681261,11476433,850224,16392,7538452
2020-12-20,278929,1478921,10618145,936765,17631,11054489
2020-12-21,118393,1512824,9414674,1200738,19217,18797303
2020-12-22,131969,1975282,9548324,1097676,18776,18856042
2020-12-23,152707,1560810,9572028,1018943,18286,17610112
2020-12-24,142945,1766628,10022040,1050147,17645,14877607
2020-12-25,122853,1792392,11080313,968680,16557,8971151
2020-12-26,287132,1364595,11695308,841956,14842,4321839
2020-12-27,135965,1501426,10847943,822896,15679,4582170
2020-12-28,197144,1701267,10160673,986125,16961,6593847
2020-12-29,137945,1979565,10457108,910788,16188,4188434
2020-12-30,163264,2916036,10960789,796588,14221,2228359
2020-12-31,267258,7074890,12325160,540328,9626,754260
2021-01-01,142430,2536673,14147421,672171,12783,807083
2021-01-02,218865,1123451,10567447,808636,19808,1226472
2021-01-03,289392,999993,9492165,818922,18135,1483341
2021-01-04,189420,994919,9091430,877529,19475,1798190
2021-01-05,326284,1070267,9088432,863088,20700,1971369
2021-01-06,301693,2636799,9579128,792150,19153,1973904
2021-01-07,151209,2751350,10194768,784860,19903,2067246
2021-01-08,127970,996870,9606784,868542,22007,2690896
2021-01-09,204026,990470,9814153,845684,18819,3180720
2021-01-10,196747,1025513,9115686,880490,21558,4808889
2021-01-11,98431,1178239,8454126,1086528,24369,10020560
2021-01-12,131105,1267906,8765571,1031769,25302,12110803
2021-01-13,186423,1970421,9272663,990093,23919,12875094
2021-01-14,172565,1202809,9289911,1059337,24897,12813880
2021-01-15,181932,1125616,10139724,995852,23571,7942128
2021-01-16,177165,1021222,11279845,755942,21644,5479726
2021-01-17,402231,1121140,10067439,776433,22142,9440287
2021-01-18,154659,1955326,8950443,1059455,25551,14702196
2021-01-19,133746,2192524,8950454,980073,25758,14944351
2021-01-20,201199,1148797,8955655,1058087,25686,14886635
2021-01-21,166783,1314630,9265526,1013876,25249,14026364
2021-01-22,189169,1133124,10256161,917377,24251,8582024
2021-01-23,404486,1022362,11160286,747834,20818,5874847
2021-01-24,1702928,1258686,10312568,723630,23232,9623639
2021-01-25,291103,3546464,9322453,902362,27066,14758500
2021-01-26,192420,1194576,9391638,878290,28798,15080565
2021-01-27,243205,1256706,9427830,907028,29160,14842220
2021-01-28,163325,1166973,9603273,884894,29721,13945251
2021-01-29,142867,1142027,10617877,841772,27244,8428499
2021-01-30,222105,1060140,11506306,649625,24577,5587571
2021-01-31,232608,1146657,10413709,679140,25447,9385532
2021-02-01,118057,1267297,9189490,860170,29566,14277090
2021-02-02,186294,1247744,9225177,834771,28666,14452539
2021-02-03,180255,1211696,9337077,833396,28642,14194480
2021-02-04,166509,1218169,9613888,810985,28007,13399919
2021-02-05,146611,1203939,10576103,743434,26284,8111077
2021-02-06,219040,1199588,11658553,593487,24031,5405645
2021-02-07,692215,1173437,10627777,613056,25628,9298326
2021-02-08,180331,1287354,9348768,803763,30502,14066174
2021-02-09,184895,1440155,9413459,778756,30093,13230030
2021-02-10,173573,1386863,9506322,776248,29726,13596484
2021-02-11,148462,1428677,9669044,744951,29205,13091000
2021-02-12,102482,1462457,10770693,681871,26978,7981732
2021-02-13,250008,1561305,11696238,535654,24608,5364657
2021-02-14,342522,3640254,11005786,539256,26050,8831230
2021-02-15,115610,1718518,9437906,726461,29958,13883510
2021-02-16,198590,1489456,9493411,713839,30625,14252614
2021-02-17,241639,1611723,9475458,687884,29820,14053101
2021-02-18,243686,1666598,9695459,698799,29687,13213811
2021-02-19,132046,1853151,10257092,639414,28527,10300323
2021-02-20,398707,1887072,11463869,589457,25430,5178674
2021-02-21,472602,1583653,11811416,496331,24425,3652479
2021-02-22,139875,2454050,11341042,503746,25394,4764185
2021-02-23,165596,7163058,11083280,508639,24896,7247038
2021-02-24,176243,1368836,9250455,706190,30450,13230566
2021-02-25,188681,1390909,9206982,707897,30249,13067311
2021-02-26,113886,1388021,10130977,659625,28130,8317524
2021-02-27,388980,1250366,11205548,513543,26406,5576282
2021-02-28,617501,1571615,10756512,541745,27785,9470838
2021-03-01,110456,2335099,9527294,706882,30329,14437811
2021-03-02,140059,1703012,9527003,708211,30367,15083946
2021-03-03,198496,1786918,9663467,714675,30211,14879402
2021-03-04,215912,2099345,10042844,662900,28611,13304832
2021-03-05,201212,2593082,11567729,603550,25715,6561813
2021-03-06,414120,1700763,12010692,481212,24053,3827442
2021-03-07,959919,3233165,12027059,462100,23713,4006969
2021-03-08,461111,8914710,11599851,438252,22208,7291975
2021-03-09,199072,1274214,9315606,691162,31349,14713138
2021-03-10,296798,1203604,9012882,670485,32387,15382608
2021-03-11,200330,1180937,9268653,666590,32597,14819420
2021-03-12,164186,1169710,10331547,620125,30091,9304788
2021-03-13,671981,1256861,11756777,492671,27552,6284881
2021-03-14,392148,3603205,10982417,542956,28560,10708224
2021-03-15,129215,1119561,9147858,695796,34586,16526943
2021-03-16,137741,1127625,9245994,668487,34867,16588826
2021-03-17,269934,1096812,9331013,652623,34903,15698882
2021-03-18,350481,1119800,9677700,654897,34785,13665656
2021-03-19,212070,1182468,10796130,628812,32114,7713009
2021-03-20,220893,1204857,11692732,501637,28946,4153062
2021-03-21,304230,1197634,10863913,537935,30645,5425306
2021-03-22,126021,1144944,9711843,722376,36250,8153625
2021-03-23,93156,1116958,9698083,722826,36013,8152793
2021-03-24,189517,1105855,9673022,720533,35077,7687536
2021-03-25,196111,1251402,9713651,719101,34445,7173148
2021-03-26,181310,1066192,10567271,667037,32391,5442529
2021-03-27,434226,1102991,11347798,520673,28606,4066321
2021-03-28,917438,980096,10504300,565835,30088,6117454
2021-03-29,194929,1026065,9269889,744370,36624,10538829
2021-03-30,308157,1103347,9303534,766515,36465,11994485
2021-03-31,268144,1163958,9419233,762090,35279,12913901
2021-04-01,495319,1627936,9417331,808654,33433,13103888
2021-04-02,445217,1078347,10496801,743268,31894,8454002
2021-04-03,896701,986335,11507851,602476,27842,5529579
2021-04-04,1141883,1153562,10714591,620496,29197,9729227
2021-04-05,756946,1076367,9254609,814184,34386,14748112
2021-04-06,628912,1177834,9373699,791133,34001,15411132
2021-04-07,917831,1860544,9569321,819941,32745,15144956
2021-04-08,761792,1130299,9779383,812619,31954,14553594
2021-04-09,553427,1069344,10793366,837307,30109,9147380
2021-04-10,967687,1068215,11451583,687161,24923,5504129
2021-04-11,1057552,1031309,10496445,661626,24689,9610256
2021-04-12,669634,1456861,9163170,1059297,30578,15262726
2021-04-13,649953,1100156,8915818,962512,35826,15760225
2021-04-14,711391,1034776,8885166,865739,37109,14969134
2021-04-15,591405,1030563,9105357,819616,34866,14006544
2021-04-16,479041,1028244,9987968,731280,31676,8838469
2021-04-17,779995,960912,11227202,555399,25404,5140413
2021-04-18,1209363,951434,10291925,599704,26229,9209733
2021-04-19,481124,1093623,9219845,772128,33045,15431953
2021-04-20,475320,1134185,9237067,793512,33432,15904448
2021-04-21,591464,1253730,9195979,816092,31250,15375892
2021-04-22,496166,1160671,9495078,752397,30238,14481687
2021-04-23,454472,1067396,10278548,800942,29610,8908554
2021-04-24,852547,1199010,11244219,626450,26099,5351328
2021-04-25,1003618,2778757,10690461,692992,26308,9251350
2021-04-26,521713,1175621,9221825,951413,30389,15287257
2021-04-27,563747,1243085,9234614,906697,30321,15777654
2021-04-28,727457,1392486,9155942,849619,28387,15279561
2021-04-29,556297,1739491,9231974,801341,26977,13928994
2021-04-30,431134,1457297,10303624,740777,24109,6843738
2021-05-01,646969,2335867,10913084,548547,19706,2058143
2021-05-02,732377,3770625,11838980,532503,19951,2130700
2021-05-03,587388,975109,9898154,592487,23482,3857854
2021-05-04,549482,1029774,9445676,645953,26630,4362819
2021-05-05,599440,1101928,9355276,622394,26374,4453404
2021-05-06,627331,1069382,9355892,610520,27016,4415188
2021-05-07,569226,1154305,9787337,552944,24692,4083535
2021-05-08,859629,1265368,10582266,497199,23060,3951562
2021-05-09,518586,2934685,11690394,474077,19690,3924701
2021-05-10,861635,929798,9072933,567777,23445,8345318
2021-05-11,462818,1148470,8091492,699372,27304,13595873
2021-05-12,615894,1593368,8180713,695581,29086,14146325
2021-05-13,537071,1487798,8693280,669356,29564,14374545
2021-05-14,417021,1064551,9632146,680626,27984,9934916
2021-05-15,577372,1241406,10468387,507979,22627,5666944
2021-05-16,1006290,972258,9661455,533907,23849,9414653
2021-05-17,449685,1110091,8838289,745240,32019,15961678
2021-05-18,458976,1224329,9173988,728151,33530,15522391
2021-05-19,548388,1506106,9765872,706026,33690,14511151
2021-05-20,482564,1329256,9955226,717726,33530,12661319
2021-05-21,838764,1447355,10907490,656924,30929,7278501
2021-05-22,986348,1385159,11337701,484581,24683,3597062
2021-05-23,1009167,975010,10761998,521644,26046,5754853
2021-05-24,1010397,1203008,9439709,709249,34998,9889161
2021-05-25,810969,1277167,9377278,721251,34965,9292531
2021-05-26,1017663,1309500,9368353,705235,34967,7716944
2021-05-27,941915,1445521,9575551,680190,34058,6718944
2021-05-28,817560,2041916,10621838,646297,30575,4564882
2021-05-29,1199238,999517,10922625,496202,25987,2877632
2021-05-30,1013876,1008715,9971972,554648,27771,3126335
2021-05-31,1182101,1300950,9245473,777186,35682,4392355
2021-06-01,1752926,2066205,9160102,722982,39143,4181325
2021-06-02,974624,1054382,9237535,672157,39979,4387709
2021-06-03,1279430,1161896,9347861,654064,38470,4239221
2021-06-04,756111,1047803,10230434,607784,34751,3506888
2021-06-05,779664,884356,10888082,477875,26927,2553335
2021-06-06,814255,903569,9997876,511174,29386,2838520
2021-06-07,663348,1009357,9131958,704817,38338,3908252
2021-06-08,517155,1198471,9226233,709765,37812,3801468
2021-06-09,495825,1398738,9317745,762546,36326,3792607
2021-06-10,513857,1342742,9584984,819281,36518,3662702
2021-06-11,917670,1071364,10351974,804788,31974,2846052
2021-06-12,2063175,1619143,10589168,869011,24350,1660727
2021-06-13,1872639,788373,9817834,1010994,24373,1973261
2021-06-14,1167009,837469,8992049,1069406,27484,2795964
2021-06-15,1349305,961813,8589234,1349900,33078,3396223
2021-06-16,2185944,976201,8635233,1496363,32508,3181510
2021-06-17,1494497,1006939,8865837,1611230,31767,3047611
2021-06-18,1250987,1078797,9549181,1821960,29073,2634710
2021-06-19,1394390,1120431,9891701,1297086,26827,1692119
2021-06-20,1203575,2834338,9389507,1288575,27957,1694047
2021-06-21,2214709,1021079,8526154,1956021,35939,2758772
2021-06-22,1725074,972864,8544544,1983388,37034,2747932
2021-06-23,1462989,905244,8396804,2074102,35678,2511703
2021-06-24,954446,926122,8614244,2465857,34303,2426971
2021-06-25,480905,966991,9515152,2349440,30794,2182613
2021-06-26,880900,828147,9914025,1514593,26056,1410149
2021-06-27,1230703,1137149,9148835,1462265,27648,1365608
2021-06-28,1398435,866578,8445630,2302841,34888,2113090
2021-06-29,1765797,893355,8634195,2247954,33625,1866755
2021-06-30,1006502,921486,8757211,2097415,33032,1698227
2021-07-01,499146,978426,8845277,2135454,32726,1547434
2021-07-02,1247786,898643,9531180,1987467,31026,1367619
2021-07-03,1421226,900378,10099674,1451958,26110,956681
2021-07-04,830443,806289,9544331,1427304,28152,980162
2021-07-05,497884,866503,8756557,2028377,34954,1356248
2021-07-06,1109856,974505,8881596,1930957,35174,1336484
2021-07-07,1385828,1222434,9012362,1838161,35312,1301179
2021-07-08,984343,2358459,9214163,1691079,34861,1255032
2021-07-09,491033,886698,9885970,1617281,33864,1148669
2021-07-10,681385,770094,10079209,1216507,27673,851964
2021-07-11,2806375,932556,9279363,1191281,30087,895788
2021-07-12,1329262,1084711,8536329,1615308,38283,1253566
2021-07-13,368870,839123,8673301,1576621,40755,1296030
2021-07-14,361353,851175,8759533,1490810,40695,1306259
2021-07-15,321428,883529,9088816,1474659,38686,1305707
2021-07-16,290321,862523,9835674,1457883,36520,1214022
2021-07-17,417901,772031,10205056,966023,34649,887180
2021-07-18,496014,792785,9363221,931582,32137,899445
2021-07-19,351325,887748,8594674,1256284,40601,1300822
2021-07-20,304213,1209495,8676438,1176162,39243,1326065
2021-07-21,309613,1080451,8785031,1201010,40845,1385980
2021-07-22,352197,873551,9041005,1147795,40385,1392467
2021-07-23,460910,962663,9714791,1062877,37154,1257174
2021-07-24,788334,1214218,10157550,836728,31067,911243
2021-07-25,776903,1298311,9414954,824392,32504,888297
2021-07-26,752808,847985,8522322,1134957,41304,1323870
2021-07-27,753815,863249,8568010,1103730,41897,1317213
2021-07-28,763296,962090,8715076,1090321,42015,1361096
2021-07-29,734284,887161,8870756,1094343,42121,1289727
2021-07-30,1134506,1197389,9719444,1033294,39248,1169143
2021-07-31,909571,855747,10148317,785284,31789,888323
2021-08-01,1000159,1403379,9520035,800087,33799,914315
2021-08-02,833231,1654540,8964035,1058743,42824,1287330
2021-08-03,848423,897575,8754474,1048441,43581,1350360
2021-08-04,1025226,905959,8902629,1044840,43965,1363701
2021-08-05,1058278,928085,8999167,993720,42869,1349733
2021-08-06,999211,1024231,10177167,924693,40705,1264070
2021-08-07,1603118,896620,10536414,744154,33825,971427
2021-08-08,1234225,1299477,9623084,712541,35056,996015
2021-08-09,478634,914409,8170984,906284,41064,1287567
2021-08-10,410002,929103,8956089,936126,46068,1429067
2021-08-11,446257,1000845,9183476,934744,46475,1483920
2021-08-12,373448,1035213,9301493,883730,44200,1446720
2021-08-13,385300,964123,10121643,837002,40679,1309241
2021-08-14,820563,1449459,10613800,667293,34042,999314
2021-08-15,690397,840799,9817288,662129,34539,1025755
2021-08-16,457699,896587,8924653,884125,43887,1489067
2021-08-17,434021,915373,8964659,848229,44167,1491525
2021-08-18,389103,993574,9086439,848087,43867,1516328
2021-08-19,334336,1626729,9267527,814644,42742,1492776
2021-08-20,357153,967978,10114560,767211,40237,1355468
2021-08-21,762942,920474,10462920,593058,32745,998477
2021-08-22,804677,835003,9637241,594220,33922,1078601
2021-08-23,457687,915653,8913601,788603,42790,1564383
2021-08-24,353247,944900,8957401,771397,42824,1608357
2021-08-25,390281,949277,8986691,754059,41763,1599285
2021-08-26,903618,974848,9200681,757636,40445,1634787
2021-08-27,756515,1000396,10037022,688306,38030,1513284
2021-08-28,693153,1198089,10558825,547550,31196,1141957
2021-08-29,723211,1144049,9581075,554923,32580,1272153
2021-08-30,432318,1047792,8900502,734477,41560,1756662
2021-08-31,360294,1530531,9108844,732170,41631,1934435
2021-09-01,1047100,2687174,8754332,672948,39027,2718846
2021-09-02,948820,987526,8716347,688375,41065,7769026
2021-09-03,573064,1017715,10614148,648324,39705,5113327
2021-09-04,1036426,889748,10880310,498523,33465,3904204
2021-09-05,965017,1014114,9861505,513115,34828,7289501
2021-09-06,594975,926281,8487208,659527,42337,11587502
2021-09-07,905770,995696,8682671,654944,42856,12498347
2021-09-08,826772,1281486,8789492,650656,42418,13100443
2021-09-09,496284,1033273,9109588,654744,42002,12457733
2021-09-10,470730,974963,10208222,631188,40392,6754885
2021-09-11,1253921,937917,11152631,522894,32457,4514992
2021-09-12,913276,991074,10327607,546244,34057,8776710
2021-09-13,642473,1115555,9108653,722266,42875,13718339
2021-09-14,1052847,1001112,9225936,724565,43084,13432586
2021-09-15,1062499,1012591,9294146,755742,42537,13211861
2021-09-16,663943,992028,9739367,763491,47560,9181096
2021-09-17,485612,1007940,10839665,737083,42159,6820989
2021-09-18,790347,903993,11337163,621588,34011,5074044
2021-09-19,1024707,969407,10512905,754559,37265,8724262
2021-09-20,985421,1036297,9175042,1018358,41917,13788444
2021-09-21,567885,1325746,9324602,830037,42864,14702317
2021-09-22,629354,1086454,9438872,817980,45565,14761106
2021-09-23,595056,1114412,9650780,822881,46820,13965834
2021-09-24,512954,1120748,10741239,799595,39968,8449087
2021-09-25,1397417,1003530,11577198,664676,35709,5355860
2021-09-26,1465682,1142237,10596610,680484,37290,9776118
2021-09-27,746506,2055347,9267721,892945,45899,15451349
2021-09-28,709351,1210103,9272322,890667,42887,15724945
2021-09-29,1039039,1424204,9446905,883075,42051,15550848
2021-09-30,899101,2003380,9661572,940085,40696,14495064
2021-10-01,640490,1738877,10892292,927179,38340,8300318
2021-10-02,888172,1061508,11677501,784215,34099,5136026
2021-10-03,1241495,1162916,10677674,828030,35569,8982211
2021-10-04,540952,1579021,9312643,1152571,42080,13502508
2021-10-05,441650,3274717,9367885,1050439,41412,13163730
2021-10-06,467821,1077937,9206740,1095396,41575,14910843
2021-10-07,562540,1084449,9499824,1151201,40416,14709355
2021-10-08,1176861,1060150,10272278,1141023,38673,9290489
2021-10-09,1083315,940058,11354780,952221,32597,5544477
2021-10-10,1040668,1092012,10386914,979568,34217,9245871
2021-10-11,1421129,1101622,9157737,1444740,42415,15334096
2021-10-12,1230444,1092730,9204911,1467330,40723,16349184
2021-10-13,659114,1092415,9419485,1501574,39295,16489752
2021-10-14,506217,1691927,9793263,1514247,40009,15816631
2021-10-15,582161,1092448,10975189,1442361,38875,9980022
2021-10-16,1429740,1083311,12207917,1156434,33482,6305691
2021-10-17,1546521,2088483,10908157,1163208,34285,10416159
2021-10-18,558234,913796,7763021,1196163,26219,12625434
2021-10-19,909499,1051770,9376969,1929995,41818,18015886
2021-10-20,1012350,958488,7678187,1638336,24711,13084956
2021-10-21,843613,1012848,9600847,2421218,34659,16567078
2021-10-22,618254,781256,8804849,1568585,20853,6945998
2021-10-23,1552955,700793,9728444,1108539,21406,3817455
2021-10-24,1756286,761418,8801702,1156014,21436,5808173
2021-10-25,717567,799916,7636818,1658626,24386,9221542
2021-10-26,596647,786189,7721257,1569730,22781,8974465
2021-10-27,738251,1042768,9558136,2229750,35307,10903000
2021-10-28,488443,1028968,8077651,1556651,22172,6094348
2021-10-29,538531,1026681,8862570,1386173,19616,3610449
2021-10-30,1538813,1211563,9454110,1156713,16746,2112055
2021-10-31,769290,1647559,8753845,1098265,17968,2022738
2021-11-01,528409,1104167,9721587,1951260,32870,4981661
2021-11-02,730277,1012854,9889770,1861435,32374,5282498
2021-11-03,916979,1075130,10913458,1925796,32038,5489694
2021-11-04,767902,1918021,11301752,1572823,28984,4251787
2021-11-05,709057,1033683,10977798,1577356,29813,4749082
2021-11-06,1090062,1095977,11068832,1515242,29577,4733896
2021-11-07,1282237,1323921,10424267,1535525,29658,6923752
2021-11-08,500448,1056713,9262346,2044602,34524,13947045
2021-11-09,418704,1152123,9298997,1722435,36005,15832344
2021-11-10,440843,2061663,9524287,1647887,34774,16445612
2021-11-11,1132179,1172989,9691693,1649322,34244,16040212
2021-11-12,928771,1147276,10946199,1614109,32148,10486345
2021-11-13,847930,1088548,12169005,1304184,28477,6709116
2021-11-14,2073885,1098600,10900467,1258908,29587,11441414
2021-11-15,939753,1129827,9492828,1596891,35708,17410257
2021-11-16,800033,1185453,9514008,1518198,35949,17926469
2021-11-17,756235,1241657,9785539,1417700,35212,17899857
2021-11-18,463346,1221247,10474128,1334946,34720,16776213
2021-11-19,669332,1348188,11741333,1224949,32580,10368073
2021-11-20,979442,1147388,12803255,999423,28456,6685281
2021-11-21,945331,1558735,11259817,1014646,29357,10930610
2021-11-22,524699,1816454,9848804,1338831,35176,16511257
2021-11-23,733017,1323583,9935555,1317094,34918,16827223
2021-11-24,1086807,1305484,9740097,1291787,33575,16448715
2021-11-25,838133,1350639,9944920,1212994,33873,15416022
2021-11-26,737003,1386123,11352023,1111168,32670,9437896
2021-11-27,976590,1575721,12403407,913350,26864,6265971
2021-11-28,1241716,3430588,11429876,918227,26897,10137380
2021-11-29,698810,1212215,9704860,1164702,32232,16180375
2021-11-30,506278,1303312,9642406,1107297,31876,16043452
2021-12-01,561895,1604163,10069828,1109044,31685,16308425
2021-12-02,608359,1380350,10211376,1104904,31389,15570059
2021-12-03,646061,1572397,11394652,1034466,30507,10093721
2021-12-04,1230627,1350517,12662060,826871,26751,6579756
2021-12-05,1061084,1282624,11261093,841420,27642,10656518
2021-12-06,584490,1360034,9867580,1046551,32794,16887824
2021-12-07,698010,1539813,9796244,1018372,31992,17344314
2021-12-08,975563,1391116,9846223,972520,31055,17417483
2021-12-09,1031264,1391012,10145546,959094,31811,16607235
2021-12-10,750010,1345015,11347639,860453,29957,10532024
2021-12-11,1039468,1191943,12286008,701811,26666,6912887
2021-12-12,1675482,1311329,11131772,746452,28125,11209104
2021-12-13,860484,1408705,9832812,968066,32846,17548604
2021-12-14,534702,1375232,9601057,907769,31591,17847255
2021-12-15,654717,1410057,9953378,881616,31296,18104321
2021-12-16,749977,1418504,10303675,884988,30582,17391754
2021-12-17,629941,1457020,11432556,817307,29183,11358674
2021-12-18,800737,1286951,12109516,689039,25348,7044977
2021-12-19,906406,1708726,11027823,717248,26046,11487219
2021-12-20,522735,1631418,9825835,881599,30317,18386738
2021-12-21,505701,1596437,9955868,847069,30416,18520862
2021-12-22,541441,2041375,10010275,813553,29691,17457288
2021-12-23,503658,1624419,10395365,784153,28640,15126527
2021-12-24,404486,1747456,11697793,698494,26939,8689751
2021-12-25,465516,1526980,12433773,590179,23925,4490335
2021-12-26,496641,1436675,11844409,630024,25197,5996381
2021-12-27,539376,1832931,10610037,702960,29149,8195920
2021-12-28,520378,1860148,10879660,690176,28528,5836241
2021-12-29,455902,2085160,11162741,667211,26886,3469143
2021-12-30,390162,3071415,11936835,608013,25801,1884637
2021-12-31,277638,7312589,13624619,442789,20933,802724
