ds,1,2,3,4,5,6,7,8
2017-01-01,8061,10075,20735,8641,3414,39,2343,11229
2017-01-02,13243,15663,33827,18966,5900,61,4213,14216
2017-01-03,16230,18959,38730,24648,7560,65,5874,17375
2017-01-04,18671,21144,42381,29907,9394,69,8042,19965
2017-01-05,20471,23040,43880,32436,10076,72,8731,20599
2017-01-06,19898,22323,41525,29460,9962,69,7238,18309
2017-01-07,20742,22267,45360,32678,10298,77,5853,17042
2017-01-08,29088,27627,54889,44767,14089,86,8880,24416
2017-01-09,48657,45654,66036,63962,23489,95,34820,77147
2017-01-10,54290,49559,65541,71067,25931,93,39468,82098
2017-01-11,56104,50611,64442,68881,26583,92,41223,85143
2017-01-12,56458,51590,62686,64723,27483,84,40679,82437
2017-01-13,45011,43272,52514,45642,22618,75,33399,66575
2017-01-14,29432,27663,43752,42105,13963,68,9604,24948
2017-01-15,40247,32714,53333,65748,19287,83,11481,28508
2017-01-16,61723,54107,67447,74883,30032,94,41524,86063
2017-01-17,63990,56372,67206,74394,31593,91,44601,85401
2017-01-18,62620,55862,64794,70537,30717,91,43759,81784
2017-01-19,61014,54833,63584,65952,29803,86,43541,77879
2017-01-20,51024,49243,57670,51900,25345,79,38433,69962
2017-01-21,31052,29030,46257,45270,14651,75,11006,27799
2017-01-22,42224,34976,55454,70287,19820,86,12229,29354
2017-01-23,64283,58402,71317,75055,30453,97,45395,92198
2017-01-24,64540,58503,70649,73134,30925,94,48660,89035
2017-01-25,62113,56840,68219,67352,29051,88,46993,86366
2017-01-26,61335,57777,67675,65477,28654,91,46654,85186
2017-01-27,49123,50045,58043,48629,23640,81,38957,75208
2017-01-28,29289,29351,46997,42510,13575,74,10347,26384
2017-01-29,38642,34511,57008,65004,17714,90,11582,30187
2017-01-30,61088,58432,72554,72891,28476,102,46762,97281
2017-01-31,61766,58430,68780,68896,28049,95,49004,99493
2017-02-01,60019,57208,67006,66012,26546,91,46793,99128
2017-02-02,59216,58183,66329,62498,26902,89,45727,89934
2017-02-03,47588,49577,57244,48621,22556,80,38696,76584
2017-02-04,28831,30667,47201,41346,12856,72,10515,27886
2017-02-05,38686,34846,56891,62308,17421,87,11800,30503
2017-02-06,61089,58316,70993,69844,28114,95,44631,89401
2017-02-07,63346,61144,71063,70025,29111,98,47482,90048
2017-02-08,61676,59668,69779,68652,28673,91,47337,87122
2017-02-09,59779,58022,66624,63296,27697,91,45699,85156
2017-02-10,48584,51334,57365,49200,23181,79,38661,73680
2017-02-11,29318,30766,45797,41300,13473,70,10351,26277
2017-02-12,40151,35972,56520,62022,18609,85,11748,28882
2017-02-13,60753,57710,69233,68599,28407,95,45629,84732
2017-02-14,57369,55319,61565,62386,27548,85,45027,80203
2017-02-15,60010,58334,65077,62795,28638,84,46060,82461
2017-02-16,58374,57901,62171,57148,27509,83,46219,75566
2017-02-17,47727,50164,56050,43549,22878,76,38519,65291
2017-02-18,29219,29565,45242,37894,13754,71,10709,24216
2017-02-19,39958,36047,55156,57492,19030,83,11563,26745
2017-02-20,57117,55695,65288,57690,27199,85,44519,77448
2017-02-21,52992,54612,58843,48175,25930,81,44439,73546
2017-02-22,35910,42006,47580,31386,17469,67,30470,55380
2017-02-23,20546,24490,34209,26800,9675,62,7088,17473
2017-02-24,26666,29131,43891,42470,13129,72,8784,20306
2017-02-25,27827,29985,46640,46301,13737,75,8651,19716
2017-02-26,36492,34205,54226,55490,18441,83,10954,24162
2017-02-27,58892,56734,67631,63175,28792,93,45526,86826
2017-02-28,60556,58111,65065,58184,29339,89,48039,86999
2017-03-01,59029,56869,62688,56276,28456,84,45958,78401
2017-03-02,58110,56958,62234,52379,27920,85,45527,74443
2017-03-03,47125,48853,54641,40124,22628,75,38257,64113
2017-03-04,28949,31054,44361,37106,13972,68,10892,23200
2017-03-05,38589,35527,52392,53109,19081,86,11901,24541
2017-03-06,52680,54280,61738,46489,26885,86,40749,68670
2017-03-07,34395,41052,47067,27830,18092,67,26300,45024
2017-03-08,26320,25861,38074,32750,12845,64,7620,17762
2017-03-09,56249,55018,63837,63857,28480,86,41995,71622
2017-03-10,49137,50862,57976,52279,25109,78,39606,72323
2017-03-11,30072,31088,47292,45273,15460,71,11006,24157
2017-03-12,40968,36528,56092,68372,20807,85,12290,26219
2017-03-13,62666,60318,68463,74619,32375,88,46436,79732
2017-03-14,64350,61320,67967,72148,32507,91,48076,79324
2017-03-15,62918,60430,63993,70462,32795,82,47490,76663
2017-03-16,61283,59119,63033,65536,31289,80,47205,73440
2017-03-17,49800,51060,55017,50306,25685,74,39884,60493
2017-03-18,30398,30871,44081,44034,15817,68,11519,22784
2017-03-19,41885,37719,54659,69577,21850,82,13515,26084
2017-03-20,62556,60685,68745,75261,33097,90,46935,72399
2017-03-21,62847,61403,68774,74635,33341,86,49895,77837
2017-03-22,60865,60247,64785,71072,32937,85,49669,73408
2017-03-23,57870,57079,61260,65857,31061,78,47987,69035
2017-03-24,46962,48677,53095,51475,25408,71,40561,63216
2017-03-25,28593,30336,44011,43148,15807,67,12546,23937
2017-03-26,37388,35042,51493,69297,21286,78,14138,25956
2017-03-27,60595,58772,66235,83693,32133,89,50029,74937
2017-03-28,61899,59690,65850,82722,34203,88,53140,78517
2017-03-29,60106,57587,62693,77392,32595,84,51113,76706
2017-03-30,57497,57006,60416,68385,31482,87,50793,76402
2017-03-31,46587,49064,54062,49094,25586,79,42477,67660
2017-04-01,28380,29413,42516,40150,14828,69,10774,27119
2017-04-02,38994,36189,51924,62073,21187,88,12233,29002
2017-04-03,58173,57094,63282,69959,31098,91,43195,76623
2017-04-04,60544,58652,63421,70912,32575,85,46034,77132
2017-04-05,59333,57742,61941,67447,31975,85,45354,77793
2017-04-06,57218,55990,58619,61773,31045,81,44229,73307
2017-04-07,46286,48310,50871,46461,24883,76,37348,62137
2017-04-08,28346,30171,39591,36384,15655,67,10012,22518
2017-04-09,39544,35043,48075,59707,21453,81,11336,24998
2017-04-10,59956,57692,60116,68192,31842,89,43845,74953
2017-04-11,60201,57718,57931,65132,32775,85,45085,74612
2017-04-12,58543,57715,56674,61003,32336,81,44984,76097
2017-04-13,54918,55179,54439,55260,30770,80,43715,70033
2017-04-14,44689,48448,47630,42538,24491,70,36928,61077
2017-04-15,25049,27810,36301,28366,14178,63,8650,19600
2017-04-16,32815,29922,41401,45074,18138,74,9172,21114
2017-04-17,59179,57600,60777,65725,32470,92,44225,74116
2017-04-18,60415,58652,60128,63661,32798,89,47561,75743
2017-04-19,58149,56462,59141,59283,31497,85,45877,76961
2017-04-20,55134,53640,55803,52451,29636,79,44982,72721
2017-04-21,45028,46455,48145,39409,23532,72,37578,61911
2017-04-22,27747,28358,39731,33334,15077,67,10593,23445
2017-04-23,37350,33886,47097,52123,20740,84,11811,24453
2017-04-24,56011,53641,57398,55856,30147,84,44231,72003
2017-04-25,54062,52102,52807,53417,29582,81,42357,68868
2017-04-26,54214,52188,51948,50655,28950,76,44506,71762
2017-04-27,50278,48943,48411,44734,26868,73,43255,70891
2017-04-28,37457,40402,39879,29635,20413,63,33957,57893
2017-04-29,19207,21256,28436,20129,10749,52,7582,17021
2017-04-30,20246,21659,29826,25421,11243,57,5994,14751
2017-05-01,26877,25374,34123,34545,15393,62,7681,18865
2017-05-02,46789,46484,47960,47453,25642,75,36536,72404
2017-05-03,50663,71422,50913,48429,27424,79,38151,70470
2017-05-04,48275,47750,47771,44943,26323,76,36925,65743
2017-05-05,36367,38642,38776,30795,19792,63,28994,55888
2017-05-06,20778,24710,30111,22504,11523,57,6591,16750
2017-05-07,21765,22714,32887,30126,12577,63,5709,14232
2017-05-08,25547,26936,36785,36199,15051,70,6626,15662
2017-05-09,28033,26655,35796,37800,16513,72,6647,15959
2017-05-10,53653,50038,54328,57261,29064,86,36319,71946
2017-05-11,57043,53701,56693,56612,30934,86,39762,72373
2017-05-12,46573,46683,47050,43161,25375,76,34320,73487
2017-05-13,29213,28251,36054,36079,16597,65,8241,21429
2017-05-14,39709,33249,42476,55861,22262,77,8598,21225
2017-05-15,59300,54465,56036,63899,33217,84,38441,69463
2017-05-16,62746,56818,55869,64257,34072,84,40844,68946
2017-05-17,63128,56472,55470,62933,34520,84,41104,67977
2017-05-18,58950,54046,50820,58314,32909,77,40588,64990
2017-05-19,45441,44485,43257,42112,25694,66,32723,53905
2017-05-20,26811,25653,31647,33430,15850,58,6829,17068
2017-05-21,39509,33819,41671,58012,23146,73,8419,19685
2017-05-22,60575,56284,56022,66993,34688,87,39883,67315
2017-05-23,60652,57514,54856,65086,35060,82,42069,69056
2017-05-24,56165,54406,51517,57212,32953,77,39616,65296
2017-05-25,52985,51094,48148,50898,30421,72,38336,65852
2017-05-26,42199,43445,42243,37560,24324,64,32295,54281
2017-05-27,25706,25958,32344,30238,15299,55,6885,17077
2017-05-28,35376,32890,40397,55355,21965,73,8275,19797
2017-05-29,55853,54580,53093,65495,31970,85,39957,70184
2017-05-30,55998,54541,53264,60467,31946,82,42548,73370
2017-05-31,54967,54185,50902,54251,31248,75,42818,73889
2017-06-01,51705,51785,50181,49436,30055,75,39574,66685
2017-06-02,43389,45458,45352,38276,24259,69,33591,57134
2017-06-03,26675,27998,35741,27012,15708,65,7630,19062
2017-06-04,34002,32567,42792,42034,20654,73,8666,21273
2017-06-05,53795,54160,55069,55367,31101,84,39310,67489
2017-06-06,54616,54685,52861,52752,31426,81,41615,68524
2017-06-07,53418,53596,50117,50234,30359,74,39340,67630
2017-06-08,51517,51112,49199,46443,29542,72,38563,64934
2017-06-09,39746,42322,40509,32442,22119,75,30422,54495
2017-06-10,22003,23980,31557,19688,12647,58,6459,16913
2017-06-11,22766,24515,33174,23414,13243,64,5654,15061
2017-06-12,32422,32215,39410,35350,19229,72,8149,19780
2017-06-13,52217,52651,51722,48249,29054,85,38026,68810
2017-06-14,54846,54289,51002,48231,29367,81,39783,70716
2017-06-15,51206,50537,48084,43823,27267,78,38671,68688
2017-06-16,40986,43175,41411,32815,21766,69,32077,55836
2017-06-17,23311,24902,29473,20290,12912,60,6881,17186
2017-06-18,29730,29170,35460,28349,16455,69,7606,18161
2017-06-19,51265,49874,49656,39497,26023,82,38053,64031
2017-06-20,50634,50240,48273,38329,25675,78,40955,66004
2017-06-21,49664,48962,47443,37129,24853,80,39846,62731
2017-06-22,47474,47287,44699,32509,23530,78,38705,60363
2017-06-23,38312,39478,39193,24074,18653,70,31289,51529
2017-06-24,21192,21724,29559,13897,9606,59,6897,15376
2017-06-25,26782,25472,35565,20439,12536,73,7666,17207
2017-06-26,45599,45091,46455,29340,20714,85,37905,61713
2017-06-27,46312,44949,46890,27853,20503,79,41146,66139
2017-06-28,43666,43446,43093,25660,18905,77,40471,64854
2017-06-29,40423,41090,39785,21849,17543,74,38861,63596
2017-06-30,33004,35452,36286,15119,13849,70,32468,55030
2017-07-01,18357,19663,28453,8361,6831,62,7538,19532
2017-07-02,23152,22172,34428,11877,8612,76,8135,18762
2017-07-03,40087,40811,44921,18098,16182,90,38331,63924
2017-07-04,41102,42137,45365,17653,16537,88,40906,63988
2017-07-05,40012,41759,45023,17712,16056,86,38932,63073
2017-07-06,38422,41161,44177,17402,15295,82,38777,60479
2017-07-07,31356,34771,37341,13138,13103,75,31589,50815
2017-07-08,17184,20015,29078,7868,6891,65,7289,15805
2017-07-09,20409,21614,33173,10548,7950,71,7717,16693
2017-07-10,36604,40255,43346,15854,15139,84,37760,61590
2017-07-11,36387,40519,42364,15359,15185,80,39166,61922
2017-07-12,36574,40823,41951,14951,15137,79,39038,60042
2017-07-13,34798,39690,41799,14234,14594,80,37822,59000
2017-07-14,28672,34276,35052,11736,12142,71,30623,49661
2017-07-15,14949,18012,24949,6235,5854,59,6599,14565
2017-07-16,17031,19018,28969,8502,6454,67,7132,15308
2017-07-17,33045,38169,41004,14223,14061,80,36054,55393
2017-07-18,34507,39770,41876,14224,15029,78,38188,57099
2017-07-19,34673,40291,42250,14612,15003,80,38238,57635
2017-07-20,32611,39284,40271,13821,13685,79,37118,55923
2017-07-21,26822,33200,36013,11444,11912,69,30091,45387
2017-07-22,15018,18802,27798,6648,5804,59,6653,14079
2017-07-23,17483,20150,31935,9099,6917,68,7507,15357
2017-07-24,33286,39142,44514,14371,14303,86,37220,56650
2017-07-25,34029,40788,44001,14981,14855,79,38621,62793
2017-07-26,33318,40070,41905,14256,14772,78,37152,58740
2017-07-27,31434,38155,39825,14071,13628,76,35410,56856
2017-07-28,25664,32821,34199,10623,11218,70,29189,48576
2017-07-29,14050,17540,26312,6677,5281,62,5856,13953
2017-07-30,17015,19498,30897,9520,6375,72,6538,16589
2017-07-31,32698,38399,44579,15277,13629,88,36049,63325
2017-08-01,33481,50127,43302,16068,14122,82,35965,63066
2017-08-02,33270,48643,42724,16285,14235,81,35211,57115
2017-08-03,32377,49051,41506,16115,14041,77,34241,55409
2017-08-04,27033,45258,37077,13335,12025,76,28479,48187
2017-08-05,14409,19038,27584,7688,5601,64,5836,14372
2017-08-06,17243,21817,33290,11554,6788,73,6175,15831
2017-08-07,32631,56450,45414,18914,14386,87,33054,55528
2017-08-08,34652,60751,46250,19445,15565,86,35611,57739
2017-08-09,33647,58138,45111,19969,14592,81,35326,57250
2017-08-10,32670,50046,42991,19109,14820,79,33936,58096
2017-08-11,27204,52256,37925,14754,12383,73,27523,46656
2017-08-12,14676,35467,28759,9428,5882,62,5666,14419
2017-08-13,17239,40089,34362,13883,7137,71,6101,15980
2017-08-14,33511,57564,45800,22837,14962,81,33408,55687
2017-08-15,34653,50493,44680,23758,15211,81,35338,57456
2017-08-16,34459,59148,44585,23581,14525,79,35236,53657
2017-08-17,33490,57231,42967,23568,14386,79,33726,51543
2017-08-18,28035,47292,37046,19151,12182,72,27849,43485
2017-08-19,13941,33647,28516,11612,5558,59,5427,14074
2017-08-20,17413,35768,33878,17155,7083,73,5945,14755
2017-08-21,35075,57308,45558,30241,14764,87,33764,53278
2017-08-22,36936,61671,47583,31353,15771,89,35556,54569
2017-08-23,37863,63059,48471,32973,15426,90,36277,54935
2017-08-24,36440,60712,46370,31969,15468,79,34992,52955
2017-08-25,30783,55270,40331,24066,12888,73,28472,46556
2017-08-26,16846,38876,30750,16486,6535,65,5755,14266
2017-08-27,19527,39512,35838,25638,7566,73,6310,15690
2017-08-28,38508,58735,49351,38972,15697,86,34732,56826
2017-08-29,41672,58745,48562,40246,16565,85,37109,60193
2017-08-30,40051,41702,44443,39657,15823,77,36463,58345
2017-08-31,38552,38127,40664,30794,14334,74,35139,55807
2017-09-01,30860,31652,33635,19283,11493,64,23276,38557
2017-09-02,21187,19446,28904,19656,6344,61,5845,14184
2017-09-03,26906,22554,34380,32867,8484,69,6391,15632
2017-09-04,49194,42343,46345,45215,16776,82,34046,54620
2017-09-05,52376,45496,47259,47922,18648,82,36191,58767
2017-09-06,53187,45589,47702,49380,19350,81,36628,57331
2017-09-07,50875,43987,45991,47402,18750,78,36151,56375
2017-09-08,40879,39622,40367,35106,16323,70,29748,50438
2017-09-09,24170,22088,30544,26001,8869,61,6243,15575
2017-09-10,34130,24153,35998,41849,11746,73,6969,16337
2017-09-11,53874,45693,49576,54925,20596,90,34891,59239
2017-09-12,54534,47116,48913,55863,21603,86,37076,61580
2017-09-13,54938,46558,48153,53718,21771,83,37130,58184
2017-09-14,52245,46920,46767,51663,21657,80,36239,57433
2017-09-15,41382,41519,40844,38789,17447,75,30287,48710
2017-09-16,23107,23040,30934,28345,9670,63,6257,15064
2017-09-17,33244,26616,36824,47430,13173,77,7219,16764
2017-09-18,53517,48223,51479,58504,22981,91,36964,60122
2017-09-19,56056,50026,52165,58455,23825,89,38982,62589
2017-09-20,54234,48837,49806,55038,23445,85,38170,59797
2017-09-21,53123,47472,48722,52516,23559,79,37466,57689
2017-09-22,42608,41510,42392,39644,18988,74,31239,48504
2017-09-23,24436,24122,32491,30226,10162,69,6495,16056
2017-09-24,34260,27286,38890,49916,14104,80,7460,18111
2017-09-25,54415,48450,52072,57824,24101,85,37298,61659
2017-09-26,56417,50509,52432,55163,24707,87,40675,63852
2017-09-27,55717,49406,51221,48273,24727,84,40896,62557
2017-09-28,52714,47043,48314,48318,23293,78,39394,61427
2017-09-29,42230,40765,42238,36044,19487,70,33169,53452
2017-09-30,24927,23920,33136,30875,11190,65,7498,17951
2017-10-01,34961,28702,39866,49468,15262,77,8199,20629
2017-10-02,54980,49360,52142,61619,24262,83,37489,61642
2017-10-03,57145,50887,52095,61050,25324,81,39319,63865
2017-10-04,55160,50911,51769,57643,25671,83,39805,63402
2017-10-05,51496,49551,50850,48880,24177,82,39194,62451
2017-10-06,42700,43549,45518,40495,20396,76,33701,54036
2017-10-07,26303,25205,35337,34753,11707,67,8132,19390
2017-10-08,35941,29599,42640,55715,16120,83,9139,21479
2017-10-09,57942,52716,56311,66585,26962,91,39837,67277
2017-10-10,58713,53029,55372,65487,27926,86,42291,70628
2017-10-11,58083,52633,54599,64068,27363,85,41655,67702
2017-10-12,57417,51450,53422,60706,26761,82,41696,67129
2017-10-13,45958,45177,45534,45958,22104,73,35677,59359
2017-10-14,28207,26502,37165,38780,13089,68,8670,21146
2017-10-15,38658,31443,45696,60245,17958,83,9974,23212
2017-10-16,59060,53731,56970,72907,28063,90,42266,67618
2017-10-17,61137,54587,56949,73161,28886,83,43940,68507
2017-10-18,59885,54967,56409,68654,28235,86,43952,68470
2017-10-19,58268,53964,54956,64936,28327,82,43800,66209
2017-10-20,48282,46378,47763,49658,22682,74,36754,56341
2017-10-21,28332,27330,37843,38314,13156,67,9399,20519
2017-10-22,39121,32142,46127,59203,18339,83,10378,22707
2017-10-23,60264,56025,58288,71097,29613,90,43336,81610
2017-10-24,61170,56065,57705,68461,30222,88,45834,71769
2017-10-25,59460,53552,54691,63894,28894,83,44635,72578
2017-10-26,56247,53058,54223,58296,28133,81,42973,70295
2017-10-27,44870,45514,46498,44807,22461,76,36652,60421
2017-10-28,27785,27413,38172,37517,13122,65,9426,22623
2017-10-29,36752,32359,47928,63309,18337,87,11571,26066
2017-10-30,58237,55767,60662,78403,29137,92,45014,77388
2017-10-31,59197,56514,59545,75807,29913,88,47702,80131
2017-11-01,56502,54607,55804,72764,28290,86,43128,72167
2017-11-02,52934,53461,53380,64150,26327,85,41788,68901
2017-11-03,39866,43062,45229,42472,19201,74,31427,55937
2017-11-04,25605,25670,37247,32834,11372,65,7214,19145
2017-11-05,30519,28615,43141,46597,14622,79,6963,19641
2017-11-06,43042,36619,51627,67082,21081,91,11183,26486
2017-11-07,62660,55631,61689,73993,29182,94,41934,72279
2017-11-08,64851,57440,61646,71919,30656,95,45104,77188
2017-11-09,62450,57995,59503,65173,30156,90,44569,75511
2017-11-10,48244,50020,50614,49286,24705,81,36239,63961
2017-11-11,29746,30130,42121,39966,14944,73,8980,23268
2017-11-12,42439,37204,52087,63923,21008,93,10478,26324
2017-11-13,63378,59557,64722,72731,31625,97,43890,74833
2017-11-14,64484,61076,64469,72206,32796,97,46858,76964
2017-11-15,61887,59256,62310,65115,31873,90,46193,75194
2017-11-16,60182,56892,60229,61004,30798,85,45096,71665
2017-11-17,48481,48784,51395,46072,24646,80,38212,60294
2017-11-18,30806,30018,42144,38437,15321,74,9202,22055
2017-11-19,42584,35928,51891,62409,21904,90,10649,24759
2017-11-20,62632,58848,64040,68834,32116,95,45160,73307
2017-11-21,63424,58803,62679,67281,32251,94,46272,73256
2017-11-22,62222,57820,58741,62153,31269,86,46419,71817
2017-11-23,58472,55793,55653,56044,29845,80,45469,70794
2017-11-24,46900,47628,48178,41301,23589,70,37368,60310
2017-11-25,28916,28793,39106,35319,15163,67,8853,21623
2017-11-26,39773,34602,48393,55444,20857,80,10088,23722
2017-11-27,60497,56303,60480,68548,31307,89,45673,74998
2017-11-28,62536,58475,60306,67036,32941,86,48543,80867
2017-11-29,62258,58248,59570,65222,32281,82,48853,81597
2017-11-30,58942,55711,54965,56257,31524,79,47172,81802
2017-12-01,46745,48413,48028,42601,24480,71,38269,65624
2017-12-02,31680,31257,40224,38208,15812,67,9955,24092
2017-12-03,42827,36985,50000,57984,23002,85,12065,27941
2017-12-04,61963,58556,60485,65431,32561,90,46298,78256
2017-12-05,63385,60009,59474,65538,33657,85,49042,80168
2017-12-06,63023,58572,55913,60835,32398,82,48221,77074
2017-12-07,61191,56063,54315,58051,31467,78,47080,75642
2017-12-08,48828,49122,47655,41527,25542,71,40034,66280
2017-12-09,31320,31762,40429,35582,16849,70,10318,24648
2017-12-10,44499,39285,49214,57153,24579,84,11057,26867
2017-12-11,63194,59626,60129,64427,33616,88,46373,77820
2017-12-12,64556,60437,58782,63320,33664,87,48776,79286
2017-12-13,62908,57881,56402,59170,33478,84,48325,80676
2017-12-14,60632,55777,53087,55075,32578,76,46665,78090
2017-12-15,47298,46725,45848,41488,25021,66,39337,70335
2017-12-16,30482,29511,38147,32823,16344,65,9862,24244
2017-12-17,42677,36903,46444,51127,23132,79,11017,25597
2017-12-18,61299,56388,56850,57910,33069,84,45736,75500
2017-12-19,61239,56200,55093,55353,33585,80,47397,77619
2017-12-20,59484,53795,52348,50779,31846,74,46825,76754
2017-12-21,54953,49994,48846,45743,29203,69,44978,73021
2017-12-22,42052,41704,40351,31789,22493,62,36920,60461
2017-12-23,25461,25645,33398,23597,13763,55,9223,22745
2017-12-24,35322,30512,39954,35738,18678,66,10422,23530
2017-12-25,47191,45163,45754,40035,26496,67,42616,70446
2017-12-26,43640,42964,41806,34624,23763,65,42637,70754
2017-12-27,38090,39484,38285,30744,20538,59,38781,66134
2017-12-28,29951,34738,34486,23626,15797,55,34391,59539
2017-12-29,18994,26795,28639,14490,9653,51,21171,45841
2017-12-30,10405,19540,25051,5880,4607,44,4752,15423
2017-12-31,6435,15211,18296,2767,2784,33,2280,8762
2018-01-01,9682,15780,25388,8439,3766,51,2639,15256
2018-01-02,15704,23939,38496,17748,6444,78,4779,20372
2018-01-03,18145,27819,44461,22649,8261,83,6665,23201
2018-01-04,20513,29581,48000,25457,10043,87,8593,25409
2018-01-05,22549,29833,47700,28748,10250,89,9277,25855
2018-01-06,20837,28151,46086,25439,10277,86,7583,22339
2018-01-07,23571,28548,50825,29359,10744,98,6582,22098
2018-01-08,33152,38072,60818,44289,16112,111,11950,35533
2018-01-09,52992,56038,71669,62052,25120,115,41091,105355
2018-01-10,58363,62715,70935,65036,27367,115,46106,135124
2018-01-11,59327,60409,68154,61997,27832,106,45956,107804
2018-01-12,50605,52732,58898,48461,24541,97,40290,88273
2018-01-13,30543,35405,47730,35884,14060,86,10632,33381
2018-01-14,40246,37051,55351,57551,19130,99,12283,37742
2018-01-15,64056,61453,69632,67130,30754,109,45595,98966
2018-01-16,66619,65241,69846,68399,31961,106,47668,97727
2018-01-17,65742,64923,68530,66778,31797,111,47892,94867
2018-01-18,64373,62415,63346,61525,31181,95,47225,89805
2018-01-19,52270,50078,53378,46677,26048,85,40171,76895
2018-01-20,33117,30449,45036,41130,15574,81,12129,30641
2018-01-21,43996,35165,54533,62859,19954,97,13278,32459
2018-01-22,65892,61024,66682,72334,31770,108,47816,92057
2018-01-23,67261,60836,66844,72015,32990,101,51147,94647
2018-01-24,66309,61062,66419,67872,32514,104,50540,93531
2018-01-25,62568,57966,62053,62047,29931,99,48523,93255
2018-01-26,52368,50580,56426,47818,24948,90,41874,81888
2018-01-27,31910,30200,46175,38468,14454,83,11128,29497
2018-01-28,40786,35052,54602,58824,18933,100,12187,32275
2018-01-29,65123,60009,68879,66870,30131,108,49400,100721
2018-01-30,66731,62402,66822,63034,31348,101,53297,107692
2018-01-31,63931,59482,63820,60211,29347,98,52214,103860
2018-02-01,61456,58308,61718,55259,28177,96,49347,98555
2018-02-02,50072,51651,54544,43044,23673,87,41342,81334
2018-02-03,30909,33037,45356,36017,13122,82,11253,30655
2018-02-04,40539,38145,52456,55538,17880,98,12222,33276
2018-02-05,62262,61111,65027,65634,28698,106,46666,94251
2018-02-06,64137,61058,64839,63646,29387,99,50227,98303
2018-02-07,64778,63714,63974,60955,29677,100,50339,99185
2018-02-08,60643,58222,59740,55622,27945,92,49612,92121
2018-02-09,48819,50616,51821,42426,23068,82,41068,80493
2018-02-10,30277,30348,41925,35374,13435,73,10939,28925
2018-02-11,39338,34939,49712,54325,17877,90,11808,31602
2018-02-12,60171,59293,60972,62093,28354,93,46546,89342
2018-02-13,61338,59500,60055,60912,29285,93,49258,90499
2018-02-14,57449,56356,55462,54171,27427,83,47161,85073
2018-02-15,57467,57527,57149,51149,27666,86,47068,87917
2018-02-16,47208,50511,50520,38930,23524,80,39731,75961
2018-02-17,29552,30597,41040,33391,14182,75,10257,26967
2018-02-18,37425,34835,48305,47822,17722,87,11069,27180
2018-02-19,61304,59531,64108,59782,29887,98,48407,84954
2018-02-20,61685,61057,61103,56508,29811,95,48726,88892
2018-02-21,56362,56265,56685,48311,27621,90,46334,81767
2018-02-22,39014,45201,45810,33008,19314,80,33949,62449
2018-02-23,23012,25730,33505,27129,10609,71,7865,20637
2018-02-24,28504,29987,43081,39607,13691,86,9327,23736
2018-02-25,40064,36897,51538,56941,19562,106,11682,28271
2018-02-26,61965,62139,65598,62582,29979,109,47939,89074
2018-02-27,63666,64198,63967,59050,31182,106,52027,94647
2018-02-28,61162,62064,61331,52806,30201,97,51007,91607
2018-03-01,59362,59652,58242,48794,28457,93,46799,82494
2018-03-02,48766,52566,52911,38401,24417,88,40502,70772
2018-03-03,30706,32846,44941,31342,14992,84,11380,28442
2018-03-04,40488,38329,53371,48229,20243,98,13102,31576
2018-03-05,57721,60257,61613,47828,28719,101,45434,83061
2018-03-06,52989,55181,55677,36364,26245,87,43674,76585
2018-03-07,31470,39785,41828,20474,16472,69,26557,50943
2018-03-08,17284,21435,31173,14877,8156,62,5469,16980
2018-03-09,27146,30158,44507,33094,13121,85,8888,22164
2018-03-10,28758,31500,48538,39448,14892,93,9832,23643
2018-03-11,39376,38525,57069,54928,20548,107,11973,29209
2018-03-12,61889,61200,68062,63505,30871,113,45885,85261
2018-03-13,64768,63066,67250,65482,32907,106,49754,88685
2018-03-14,64807,62393,65521,63072,32995,102,49456,86143
2018-03-15,62411,61154,63153,57151,31875,98,48111,81910
2018-03-16,50127,53079,54715,44374,25653,88,40726,68656
2018-03-17,31297,33414,44619,37962,15797,84,12275,26320
2018-03-18,37986,35458,47385,46525,19863,96,11608,25983
2018-03-19,63719,63168,65532,66924,33227,120,47480,77747
2018-03-20,65667,64556,65414,65957,34497,113,50191,83408
2018-03-21,64177,62863,63784,64836,33312,104,50455,81953
2018-03-22,61831,61087,62748,60781,32460,104,49898,94963
2018-03-23,49427,51986,53507,48704,26691,97,42536,78775
2018-03-24,31122,31054,43403,38973,15695,89,12684,30338
2018-03-25,38847,36202,51601,62286,20961,103,14140,32161
2018-03-26,60301,58465,61508,73872,32217,107,48851,80617
2018-03-27,60132,57697,56466,72678,31716,105,51035,79188
2018-03-28,58990,57938,54329,66669,31309,102,50466,79310
2018-03-29,58968,57022,56106,62202,30987,101,50027,82601
2018-03-30,48473,50465,49336,45577,25297,93,42811,74237
2018-03-31,31124,33024,41664,35499,15753,88,12752,28510
2018-04-01,39018,36831,48071,52434,20495,102,13812,31439
2018-04-02,61640,58575,61037,64518,32205,109,47187,85825
2018-04-03,64034,63518,61858,65033,33607,112,47837,87274
2018-04-04,61769,60292,58241,61126,32591,101,46864,82708
2018-04-05,57316,58297,53065,51695,30488,94,44329,78614
2018-04-06,46938,51934,46459,39291,25053,85,37550,66201
2018-04-07,27384,31126,37885,29471,14179,75,9127,23362
2018-04-08,33844,31091,40989,43419,17758,88,8640,24601
2018-04-09,60712,58963,57232,62890,31873,105,43870,80117
2018-04-10,62586,59052,56486,63518,32951,101,47300,86516
2018-04-11,62016,58726,55690,60526,32890,103,47452,84996
2018-04-12,59822,56884,53185,56001,32269,92,46331,81324
2018-04-13,48962,48248,44901,42457,26126,84,38750,70145
2018-04-14,28626,27483,34504,32790,15789,70,9804,23607
2018-04-15,37776,32210,41140,52556,21015,87,10797,24943
2018-04-16,58255,56142,53483,58475,32141,95,43904,76360
2018-04-17,58601,57201,53584,58467,32720,96,43431,72740
2018-04-18,62355,58248,55657,60080,34340,98,48215,79308
2018-04-19,60027,57422,54867,55691,33778,92,48199,78897
2018-04-20,48287,48813,47116,41984,27900,87,40274,68190
2018-04-21,29618,28423,36955,32644,16385,74,10612,24729
2018-04-22,40734,34834,46492,54306,22595,93,12285,27564
2018-04-23,61917,58048,57924,61032,32684,104,48505,84374
2018-04-24,62849,58441,56406,59548,32568,98,51270,87019
2018-04-25,60329,56245,53331,53906,30899,92,49105,85089
2018-04-26,56843,54418,51786,49497,29853,89,47950,82162
2018-04-27,47738,47335,45467,38472,24091,82,44011,76593
2018-04-28,33260,35653,36443,26070,17725,75,29924,56402
2018-04-29,21812,22692,30356,21045,11321,69,6865,18713
2018-04-30,22515,23832,30920,25501,11585,69,7193,18573
2018-05-01,21990,23554,32087,26009,11674,72,6377,25992
2018-05-02,32852,30416,40007,40171,17508,89,10071,27410
2018-05-03,49369,47944,48933,46745,25337,94,38626,79282
2018-05-04,44826,45188,45786,37326,23069,89,35519,71723
2018-05-05,27922,26992,36001,30994,14595,76,8739,23511
2018-05-06,36316,32062,42890,45308,19338,85,9129,24622
2018-05-07,55116,52259,51579,51014,29003,96,39659,77600
2018-05-08,43561,45885,43593,36379,23308,86,33802,66501
2018-05-09,30191,26552,32722,36135,16407,70,7928,21755
2018-05-10,58749,53004,51986,56512,30313,89,41224,81734
2018-05-11,51114,48511,45453,44178,26875,82,36663,71446
2018-05-12,29698,27848,36310,34404,16570,69,8451,23077
2018-05-13,39860,33552,41647,51830,21731,83,9295,24112
2018-05-14,63233,57160,54063,61398,32850,96,41553,81909
2018-05-15,65036,58580,53122,60491,34868,92,43563,82346
2018-05-16,65490,59013,53057,58901,35026,93,44890,78640
2018-05-17,63519,62544,50677,56207,34066,88,43869,75820
2018-05-18,51298,49425,44258,43729,27833,82,36248,65768
2018-05-19,31518,35852,35006,34777,17546,71,8665,22102
2018-05-20,41880,34994,43645,55901,23572,87,9342,24323
2018-05-21,64249,58479,56377,67147,35024,94,43438,78859
2018-05-22,64389,59179,53489,64853,35902,94,45329,81912
2018-05-23,62095,57846,52223,60705,35196,89,44196,77458
2018-05-24,58588,55502,49855,55435,33422,86,42866,77081
2018-05-25,47854,47301,43413,40058,26799,78,36410,69054
2018-05-26,28976,27969,34401,31114,16832,66,8426,23164
2018-05-27,36287,32703,40734,53816,22071,80,8914,25124
2018-05-28,59991,60525,54750,66746,34317,108,44588,87258
2018-05-29,60846,59241,53958,64094,34731,103,47082,93688
2018-05-30,60380,56826,52361,61089,33811,94,47793,91670
2018-05-31,57296,56385,51510,53600,32738,92,46914,90355
2018-06-01,45339,47338,43885,36468,24987,82,37226,72458
2018-06-02,28444,34654,34417,26732,15771,78,8569,24785
2018-06-03,34649,33655,41282,41677,21381,86,9693,26387
2018-06-04,56725,57627,53049,54771,32471,101,43082,85462
2018-06-05,59100,60495,53996,55734,33484,99,46381,88265
2018-06-06,58396,59502,52206,53047,32521,92,46473,84967
2018-06-07,56789,58044,49843,49914,31486,89,45328,83148
2018-06-08,49779,52179,45823,41961,27242,85,40664,79562
2018-06-09,37120,40441,38121,28207,20333,78,28455,62205
2018-06-10,24670,27213,32049,20752,14230,73,6940,21798
2018-06-11,27596,30431,35333,25139,15909,81,7864,22263
2018-06-12,34180,36070,40713,34995,20736,88,9665,24950
2018-06-13,54955,55625,49830,47787,29674,94,42444,84913
2018-06-14,53290,53831,45232,42935,28523,97,43378,104997
2018-06-15,42630,49417,39516,31359,22733,92,35153,106507
2018-06-16,26353,27375,31248,19739,13992,84,8989,43363
2018-06-17,32073,31320,36990,28784,17299,101,9464,41234
2018-06-18,52675,52397,47843,39252,27354,112,42733,100815
2018-06-19,53228,57753,45973,38932,27487,103,44809,91554
2018-06-20,53103,52786,45905,38652,26664,98,44871,86977
2018-06-21,52171,53530,44856,34815,25709,104,45036,85691
2018-06-22,41080,42526,38522,25217,20124,86,36953,68551
2018-06-23,22236,23326,28633,13794,10731,72,8172,24082
2018-06-24,28351,31946,34070,21217,13822,88,8934,25999
2018-06-25,47084,50169,44108,30639,22598,95,43109,80775
2018-06-26,49234,49117,43948,29394,22907,99,46169,82067
2018-06-27,48673,47328,41907,27058,21715,93,46902,82046
2018-06-28,46601,50443,40828,24621,20180,94,46197,79914
2018-06-29,36945,38141,36782,17091,16269,87,39141,69957
2018-06-30,20774,25609,27552,8957,7929,77,10757,24271
2018-07-01,23253,23066,28601,11384,8743,85,10076,24415
2018-07-02,41091,42171,39173,17883,16926,97,43868,71610
2018-07-03,44894,46325,43041,18493,17974,104,47446,75505
2018-07-04,46150,47526,44402,18652,18121,108,48324,75173
2018-07-05,43821,48309,43207,17219,17410,101,46736,75506
2018-07-06,35448,40517,36578,13208,14428,88,38395,61361
2018-07-07,18793,21374,25774,6966,6493,71,8200,19299
2018-07-08,21886,23731,32005,9168,8116,87,8494,21131
2018-07-09,41262,46166,45193,15903,16976,101,45554,72026
2018-07-10,41136,46544,44509,15966,16938,102,46880,75348
2018-07-11,40494,46781,42276,14661,16786,98,45903,72204
2018-07-12,39044,46920,41509,13880,16098,98,44407,69798
2018-07-13,32145,37659,36035,10485,13454,91,36503,59302
2018-07-14,17663,20905,27434,5781,6389,78,7822,18872
2018-07-15,19583,27199,30086,7325,7520,82,8090,20143
2018-07-16,36990,42545,42439,13058,15359,104,41040,64537
2018-07-17,38331,46303,44290,13905,16338,102,44146,65689
2018-07-18,39174,46047,45532,14725,16579,100,44551,65918
2018-07-19,38429,45098,44067,14055,16337,99,43722,69618
2018-07-20,32355,39808,38440,11605,13428,92,36052,58280
2018-07-21,18355,22253,30187,6343,6769,83,8191,19719
2018-07-22,20732,24376,35568,8223,7710,94,9239,20638
2018-07-23,38912,45040,47622,14555,16165,109,43120,65411
2018-07-24,39309,46883,46573,15509,16975,106,45774,72221
2018-07-25,38052,46030,43834,14096,16265,101,44750,70346
2018-07-26,36775,43860,42014,13179,15759,97,41331,65410
2018-07-27,30570,38153,35552,11121,13002,88,34221,55821
2018-07-28,16999,20737,28657,6435,6052,77,7958,18821
2018-07-29,20033,22771,33006,9583,7220,93,8361,20087
2018-07-30,37578,44030,45496,15755,15763,107,40904,70053
2018-07-31,38623,45120,45027,15458,16345,101,43853,72306
2018-08-01,36783,44161,43620,15570,15313,99,40334,69580
2018-08-02,35813,43254,41546,15900,15402,95,39092,64077
2018-08-03,31417,39092,37523,12356,13173,88,31929,53978
2018-08-04,17805,21169,29497,7521,6134,78,7483,19666
2018-08-05,20055,23062,34522,10943,7227,88,8109,19554
2018-08-06,37732,45648,47495,17939,15536,107,38797,63565
2018-08-07,38912,48445,47163,19035,16763,105,41627,64954
2018-08-08,38471,46574,46194,19557,16474,100,40510,63920
2018-08-09,37076,45635,44537,20266,16288,100,40158,63172
2018-08-10,30562,39182,38136,15251,12987,89,31503,55292
2018-08-11,16977,22516,29153,8576,6148,82,6898,17679
2018-08-12,20266,26658,34306,13005,7745,93,7646,18212
2018-08-13,38576,48005,47094,22963,16414,112,38675,63762
2018-08-14,39441,47289,46739,25423,17005,112,40144,64753
2018-08-15,39224,47153,45090,25309,16547,105,39585,64019
2018-08-16,38331,46821,44402,24754,16278,100,38775,62529
2018-08-17,31191,40029,39075,19252,13657,89,31160,50580
2018-08-18,17327,23250,30075,10958,6291,77,7003,16779
2018-08-19,19963,25018,34483,17049,7778,89,7430,17568
2018-08-20,38996,46400,46614,28862,15934,107,37848,60223
2018-08-21,40989,50455,50300,30292,16765,106,39199,61619
2018-08-22,41430,50760,50071,31722,17238,104,39548,62005
2018-08-23,39985,51607,47590,31453,16667,98,38662,60198
2018-08-24,33818,42545,43173,24033,13667,90,31994,51141
2018-08-25,18677,24351,32200,14967,6700,79,6885,16635
2018-08-26,22095,26797,38735,22793,7726,92,7078,18126
2018-08-27,41902,48026,49623,39531,16822,110,38127,61771
2018-08-28,44279,50246,50782,40035,17477,106,40743,66815
2018-08-29,44979,51154,50681,41401,17490,108,41251,94798
2018-08-30,44336,48175,47713,39720,16733,104,39782,81257
2018-08-31,39094,42532,41916,28580,14497,96,33254,63961
2018-09-01,23542,25131,32349,15528,6781,77,6535,21734
2018-09-02,29095,28462,39231,29837,8413,93,7351,23502
2018-09-03,55942,50316,50807,42663,18285,103,37359,66944
2018-09-04,61318,53010,53542,49330,20760,109,40806,69049
2018-09-05,60964,53541,50716,48041,20676,102,40768,67608
2018-09-06,58087,52650,48134,47230,20832,105,39859,66871
2018-09-07,46699,45696,43004,35291,17565,92,33160,57433
2018-09-08,27650,27428,33063,23237,8928,81,6916,19242
2018-09-09,38220,30615,39021,38547,12037,94,7530,21113
2018-09-10,60828,54124,52249,55157,22573,107,39070,67151
2018-09-11,62290,56900,52103,56239,24220,106,41827,67970
2018-09-12,61651,55826,50935,55388,24111,106,41318,65112
2018-09-13,59295,55290,49950,52115,23302,103,40971,63885
2018-09-14,47097,52143,42945,38912,19199,88,33952,55140
2018-09-15,26637,31519,32680,26137,10311,80,7276,18681
2018-09-16,37251,36036,40804,46292,14113,101,7950,20387
2018-09-17,60401,59976,53343,60458,24535,109,39601,64151
2018-09-18,62204,62490,52596,59356,25833,104,42933,64869
2018-09-19,60814,61692,51831,58231,25593,105,41945,66467
2018-09-20,58108,59912,50130,51913,24979,103,40792,64699
2018-09-21,47454,49985,43618,38771,20192,94,33986,54221
2018-09-22,27456,30933,33805,27721,10638,83,7307,18674
2018-09-23,38011,35504,41182,48460,15097,102,7940,20835
2018-09-24,61664,58541,55176,60246,26870,112,42496,68468
2018-09-25,63789,57888,55107,58370,27363,112,44504,73914
2018-09-26,62748,56574,53337,52653,26483,106,43903,74627
2018-09-27,61113,55453,51124,43375,25611,104,44009,74928
2018-09-28,48570,47857,45131,35135,21455,91,37227,69921
2018-09-29,29171,29742,35413,28681,11771,87,8380,22961
2018-09-30,38685,34159,43419,47892,15831,105,9198,24305
2018-10-01,60990,57379,54121,58379,26139,107,41242,75774
2018-10-02,63805,59875,55782,61590,28681,109,44511,75199
2018-10-03,65088,60618,56373,59703,28728,107,44357,75442
2018-10-04,59803,57580,52968,51947,27113,101,43370,75560
2018-10-05,46645,49876,45383,34185,21366,93,36092,62615
2018-10-06,29095,31272,37234,30733,12639,83,8900,23176
2018-10-07,38528,34164,40991,52974,16419,95,9289,23789
2018-10-08,64840,60902,57490,68143,29190,109,43109,74115
2018-10-09,66629,63210,56141,67804,30583,103,46532,76787
2018-10-10,65494,66000,54291,63525,29577,97,45303,77970
2018-10-11,62941,60416,53514,61768,29066,94,43773,73295
2018-10-12,52353,54656,47379,45612,24595,88,37603,62066
2018-10-13,30399,34374,37380,34078,13749,78,8915,22477
2018-10-14,41104,35357,45227,57606,18286,96,9838,24143
2018-10-15,65409,61284,59025,68037,30966,103,44571,76054
2018-10-16,68115,62355,58889,67959,31775,103,47204,74820
2018-10-17,66905,63171,58622,64696,31161,101,46835,71874
2018-10-18,64874,60772,55970,60284,30511,97,46485,69091
2018-10-19,52529,52942,48880,44999,25196,90,38623,59938
2018-10-20,31823,32660,38530,35161,14874,85,9723,22024
2018-10-21,43975,38620,48460,59554,20410,101,10953,24775
2018-10-22,67798,67068,63296,70493,33355,108,46803,73673
2018-10-23,70867,68109,64000,68624,33726,107,48872,77538
2018-10-24,68761,65709,60807,64786,33665,102,48958,77268
2018-10-25,66615,62833,58135,59705,31204,99,48223,76580
2018-10-26,52613,54187,49921,46151,24958,89,39238,65138
2018-10-27,31527,34090,39856,36719,14419,82,9707,23867
2018-10-28,40248,41337,47839,59908,19416,102,11020,25371
2018-10-29,63829,64883,60699,77986,31281,107,45459,76712
2018-10-30,64772,64259,59058,76353,31999,109,48369,82314
2018-10-31,62647,62213,57793,71170,31045,102,47519,80445
2018-11-01,59081,59497,54497,64106,28483,98,44267,74234
2018-11-02,47457,52026,47543,45582,23111,90,35924,62422
2018-11-03,27848,34628,39337,30842,12801,82,8106,21966
2018-11-04,29981,35738,44755,42369,14116,98,7545,20469
2018-11-05,42850,41959,53914,63076,21083,116,10972,26616
2018-11-06,65520,64274,62889,73975,33283,116,44190,75386
2018-11-07,69664,66640,62539,71297,34210,109,47324,78691
2018-11-08,70260,67199,60084,65718,33162,104,47787,79353
2018-11-09,58043,57614,51313,50068,26773,100,40396,70429
2018-11-10,36473,36761,42292,40399,16124,87,10420,27527
2018-11-11,48136,40901,49602,60502,21655,104,10539,26950
2018-11-12,71416,66039,61498,72333,33500,112,45659,77924
2018-11-13,71207,68067,60533,69980,35217,112,48387,80066
2018-11-14,69787,67623,59043,66205,33847,106,48406,80737
2018-11-15,66420,63275,57369,60776,31995,101,47771,78798
2018-11-16,54866,54175,50362,47209,26654,92,39485,64995
2018-11-17,34415,34246,41791,38144,16105,87,9646,24302
2018-11-18,45924,40079,51175,60329,22188,104,11004,26675
2018-11-19,70382,65607,64217,71460,34191,114,47284,80322
2018-11-20,71354,68702,64210,68255,35915,112,50383,83427
2018-11-21,68928,65725,61706,64133,35093,108,46998,78750
2018-11-22,66172,63049,58101,56434,33569,102,47695,78723
2018-11-23,51412,53141,49726,43207,26366,86,39866,66218
2018-11-24,33022,34822,42250,35423,16357,84,9886,25937
2018-11-25,42562,38568,48546,54067,21133,99,10640,26217
2018-11-26,68492,63916,61078,69779,35262,108,48389,80341
2018-11-27,70519,66394,61787,69401,36695,107,52304,83626
2018-11-28,68276,64645,60491,64240,34969,103,51066,82909
2018-11-29,65428,63832,58126,58688,33866,96,51037,84718
2018-11-30,53115,54425,49647,43863,27139,88,43078,72771
2018-12-01,33589,39381,42017,36350,17142,83,10613,27004
2018-12-02,45824,41045,50998,56724,23506,105,12041,29878
2018-12-03,67584,63999,61623,67865,34455,106,48151,82591
2018-12-04,69915,66544,61832,66974,35364,103,51476,86089
2018-12-05,69718,65520,60451,63169,35413,104,50406,86155
2018-12-06,67827,63617,57470,58854,34066,100,50299,82788
2018-12-07,54859,55523,50381,43424,28281,95,42869,71361
2018-12-08,36519,35745,43008,36679,18578,84,11194,28097
2018-12-09,48008,41915,51363,57984,24656,106,12471,29854
2018-12-10,70177,65755,60714,65756,36024,108,50327,87217
2018-12-11,70450,66365,60009,63089,36630,107,54015,90755
2018-12-12,69397,65316,58513,61481,36375,101,53192,87779
2018-12-13,66903,63204,56374,55655,34541,98,52075,82135
2018-12-14,53437,55177,49957,41122,27990,89,43459,72388
2018-12-15,34973,35466,41308,31931,18050,82,11164,27020
2018-12-16,46848,41572,49990,52499,24748,99,12107,29081
2018-12-17,67754,63020,59431,62627,36523,104,49955,81015
2018-12-18,68295,63116,57090,59203,36112,96,52604,81304
2018-12-19,67696,62349,55730,54329,35315,96,50843,80604
2018-12-20,63746,58465,51968,48102,32978,91,49040,78536
2018-12-21,50352,48667,44982,34826,25599,83,40853,66489
2018-12-22,30559,30979,37605,24429,15849,77,10678,26597
2018-12-23,41520,36209,46212,38166,22041,88,11797,27752
2018-12-24,56347,52537,49785,43847,29951,85,47002,76791
2018-12-25,53762,51458,46347,39280,28423,85,47530,78926
2018-12-26,47528,46858,42883,34629,25653,78,44467,74513
2018-12-27,41036,41682,37384,29943,21458,74,41959,72230
2018-12-28,30840,33762,31206,22703,15176,64,34242,62395
2018-12-29,18783,23855,26009,13180,8754,57,19218,37271
2018-12-30,11510,16621,22280,6279,5112,54,5153,14975
2018-12-31,6868,11041,14500,2801,3104,37,2722,9289
2019-01-01,10568,13442,23607,7473,4249,65,3272,17266
2019-01-02,16539,20599,36170,17631,7214,93,5611,20752
2019-01-03,19765,24841,40766,21538,8805,103,7704,23469
2019-01-04,21943,27725,44613,25418,10037,110,8956,26692
2019-01-05,24201,28554,46920,25912,10477,114,9057,24726
2019-01-06,23048,27929,46495,25367,10732,114,7749,22308
2019-01-07,26419,30096,51080,30487,11821,130,7675,27885
2019-01-08,36072,38216,61606,43301,16612,148,13300,38076
2019-01-09,57560,57757,69632,61421,26521,154,45324,100633
2019-01-10,63703,62285,67409,64235,29300,140,50966,106337
2019-01-11,55044,57473,61203,50360,25821,130,44126,88953
2019-01-12,37310,36314,50555,40433,16433,120,13033,35438
2019-01-13,43448,40406,54636,54392,19571,131,12801,33299
2019-01-14,71270,66285,75816,70181,33406,148,50133,97867
2019-01-15,73293,69247,69896,71693,34190,142,53415,102441
2019-01-16,74921,69895,68200,70261,34642,140,53853,96583
2019-01-17,73160,69782,65566,67041,34362,140,52717,93542
2019-01-18,58908,59125,54630,50460,28590,119,43945,80611
2019-01-19,35947,36404,45490,41159,16880,110,12665,31564
2019-01-20,48563,42721,56774,61922,22183,136,14150,34863
2019-01-21,74716,70976,70645,73363,35431,143,51866,94966
2019-01-22,75734,72962,70350,72688,36708,142,54544,96651
2019-01-23,74611,72752,70194,69719,35662,139,54861,97344
2019-01-24,72899,70544,66785,63726,34636,135,54661,95569
2019-01-25,58701,60779,58515,47947,27592,122,45545,86335
2019-01-26,36496,37523,50188,39732,16301,114,12478,33735
2019-01-27,46273,43022,57081,60348,20454,138,13365,35311
2019-01-28,72358,70254,71782,71256,33138,145,52768,103329
2019-01-29,73957,73193,71482,68161,34204,143,56747,107179
2019-01-30,72186,70959,67134,65016,33569,137,55645,106835
2019-01-31,69516,68528,66083,58855,31056,132,55417,105679
2019-02-01,56055,60211,58789,46627,25976,120,44919,88498
2019-02-02,35482,37894,50752,36157,15058,121,12520,33752
2019-02-03,44353,43025,58656,54192,19018,146,13697,36275
2019-02-04,70003,70957,71270,68060,31214,153,51702,101348
2019-02-05,71309,73969,71333,70759,32899,154,54084,103983
2019-02-06,71650,72441,70163,68128,32331,146,54680,100513
2019-02-07,71085,71194,69926,63843,31266,140,54060,99520
2019-02-08,57716,61700,59353,48468,26725,124,44635,86970
2019-02-09,36212,38461,50595,36936,15497,117,12661,33124
2019-02-10,45374,43375,60535,55419,19943,140,13958,36177
2019-02-11,72388,71827,73014,68217,32460,149,52354,99297
2019-02-12,73860,72503,69469,65712,33281,143,55201,100214
2019-02-13,74564,73169,64907,61520,32640,139,53522,94568
2019-02-14,64858,65453,64660,54550,30580,126,51116,88392
2019-02-15,57404,59591,55704,44226,26736,119,43521,80445
2019-02-16,36172,36977,46987,34900,15614,109,11743,29479
2019-02-17,45892,43939,56723,54615,20235,136,12868,31851
2019-02-18,71171,71442,69224,64760,33127,147,51681,89050
2019-02-19,73184,74403,68339,62944,34861,135,54213,90421
2019-02-20,70942,73561,66914,56765,32638,132,53202,93742
2019-02-21,66891,67750,62594,52019,30587,125,51009,89771
2019-02-22,45657,53370,49710,34207,21233,107,35809,64927
2019-02-23,27458,31246,37244,27710,12262,100,8381,23577
2019-02-24,44130,42625,55415,52023,20478,140,12869,32558
2019-02-25,71198,71535,69886,65225,33786,143,52115,97655
2019-02-26,74359,75357,71966,62261,36057,145,56802,100278
2019-02-27,72582,73014,69261,58998,34799,132,57050,100517
2019-02-28,69932,69795,65741,51258,32934,126,55904,101317
2019-03-01,55227,60965,55642,38481,26774,115,45111,81148
2019-03-02,35570,41231,47135,32267,16191,110,12563,29809
2019-03-03,45903,47122,56784,48973,21606,132,13570,32471
2019-03-04,68364,74626,66304,52932,32536,131,51084,88824
2019-03-05,68111,74756,63900,46791,32882,126,52298,90221
2019-03-06,59945,68161,58063,37425,29321,114,47956,79999
2019-03-07,36118,47979,42448,20526,17718,90,28149,53249
2019-03-08,19251,27863,32489,14181,8391,84,6055,17870
2019-03-09,28814,36513,45535,31790,13230,110,9244,22363
2019-03-10,41775,43555,55217,47339,20531,134,12182,28185
2019-03-11,71915,75594,70791,68317,34944,147,52172,88460
2019-03-12,76449,80232,70854,70767,37498,138,56185,94541
2019-03-13,74753,83697,69185,67696,37521,136,55492,92069
2019-03-14,73170,75812,66785,63690,36128,137,54686,89608
2019-03-15,59451,71501,57681,49232,29577,119,46688,76986
2019-03-16,37570,40789,47755,39769,17738,113,13000,29545
2019-03-17,48617,48098,57292,61022,24258,137,14324,30941
2019-03-18,73684,76807,68875,73548,37485,144,51966,87443
2019-03-19,75423,80549,68551,72269,38399,138,56412,89671
2019-03-20,72725,80044,64851,70177,36750,135,55323,88656
2019-03-21,69518,80557,62033,66567,35562,136,54126,84020
2019-03-22,56493,69060,54482,51904,29430,118,45975,72497
2019-03-23,34551,46231,45898,39331,17340,112,13412,27506
2019-03-24,43537,52049,55055,65073,22760,137,15226,29874
2019-03-25,69296,79514,65273,81971,36321,145,54303,85559
2019-03-26,71569,78113,65833,79992,38086,138,57841,87544
2019-03-27,70123,75018,64361,72842,37810,132,58346,87648
2019-03-28,68265,73488,62297,65691,35688,126,56533,85074
2019-03-29,56342,63958,54036,48292,29268,118,47526,77094
2019-03-30,35662,41281,45671,36654,17475,110,14585,29942
2019-03-31,43052,46855,52438,53882,22019,131,15424,30203
2019-04-01,68071,74104,64034,66684,35085,131,52438,87572
2019-04-02,72532,77434,66369,69438,37254,131,53864,88184
2019-04-03,72735,77307,64932,67186,36543,128,52299,86479
2019-04-04,69607,73112,62277,62456,35030,123,51483,82814
2019-04-05,56615,63036,53122,45806,29085,110,43804,72463
2019-04-06,36225,38624,42402,34240,17253,103,11307,26402
2019-04-07,45024,44669,53277,57130,23216,126,12012,32159
2019-04-08,71121,73490,65300,68065,36736,135,50499,84834
2019-04-09,72069,74993,63321,69793,37408,129,53430,85735
2019-04-10,71522,73546,61340,63464,36276,123,52514,87148
2019-04-11,68384,73231,59266,57724,35572,117,51487,81432
2019-04-12,56688,68639,52392,44958,28991,105,43165,70213
2019-04-13,34935,38154,45167,34366,18350,99,11805,27099
2019-04-14,47122,46171,51112,56097,24748,120,12762,30080
2019-04-15,70393,71418,62507,68293,36217,126,50313,88686
2019-04-16,72012,72189,61024,66270,37404,123,52372,83439
2019-04-17,71792,74814,59411,62466,36515,120,51798,81839
2019-04-18,70121,72305,60872,58080,36785,126,52175,80528
2019-04-19,55567,62015,52991,43694,30324,111,43674,69167
2019-04-20,33568,37274,41956,29412,18032,99,11182,24136
2019-04-21,43730,43784,48489,49532,22831,115,11843,26144
2019-04-22,68116,71854,61136,61449,36127,121,50481,79371
2019-04-23,70624,71605,60522,60118,38204,118,53553,81677
2019-04-24,68399,68062,57086,55100,36118,115,51665,79957
2019-04-25,61842,64526,51513,46388,32603,106,49142,77061
2019-04-26,50619,55895,45638,35208,27305,97,41091,66295
2019-04-27,27446,32455,34295,21415,15116,83,9402,20950
2019-04-28,35647,35018,40806,34710,19092,106,9984,22631
2019-04-29,58828,61592,56995,51060,31884,116,48142,83690
2019-04-30,43389,52238,47737,32967,24608,99,38265,71281
2019-05-01,23594,30739,36974,20404,13054,93,7545,20148
2019-05-02,27291,33230,40792,27245,15625,106,7575,19838
2019-05-03,29075,36042,42771,30020,17047,112,8114,19415
2019-05-04,28683,33523,43257,30407,16374,116,7545,18787
2019-05-05,36420,38730,48385,39881,20985,123,8785,22222
2019-05-06,54697,58069,53148,48155,30215,114,38223,70742
2019-05-07,53960,59017,52411,44744,29974,114,36967,67347
2019-05-08,41609,49239,48066,32397,23286,100,30446,57877
2019-05-09,22107,27582,29444,19384,12630,85,5518,14692
2019-05-10,30369,34200,37867,30870,17144,103,7132,18030
2019-05-11,31367,36883,41456,34641,18482,110,7191,17491
2019-05-12,44321,44925,50968,50037,24756,129,9031,22750
2019-05-13,70721,70047,62772,64826,38218,135,43114,81183
2019-05-14,75419,73534,62856,68255,40494,137,48025,83750
2019-05-15,76112,73807,60682,66229,40843,128,47299,82249
2019-05-16,74866,71925,64492,65477,41154,121,46572,78491
2019-05-17,60811,61645,51833,49931,33063,110,39074,67913
2019-05-18,36198,37767,38901,37480,21269,94,8793,23196
2019-05-19,48965,47607,47516,61970,29020,112,9692,25921
2019-05-20,74380,73935,59729,74759,41615,124,45684,81237
2019-05-21,75906,74933,61108,70810,42572,121,47776,82401
2019-05-22,72326,70622,58349,68176,40817,117,47938,80608
2019-05-23,68749,72383,57071,62249,39100,116,46464,77357
2019-05-24,56907,62588,48984,46050,32376,104,39521,68854
2019-05-25,34816,42431,39314,34458,20360,96,9708,23434
2019-05-26,43782,47889,47546,57419,26754,117,10177,26594
2019-05-27,70044,73713,61016,75401,40407,124,48026,85892
2019-05-28,69494,73899,58249,68203,41283,122,49925,86713
2019-05-29,68059,71953,56079,64417,39129,118,48312,83561
2019-05-30,65545,71015,53937,58848,38028,111,47855,82899
2019-05-31,52663,58143,49767,39944,29729,104,40134,69406
2019-06-01,29905,35646,38278,25096,17930,89,8724,21553
2019-06-02,38902,41596,44884,41460,23771,107,9773,23679
2019-06-03,64390,68383,57383,56163,36504,119,45248,76576
2019-06-04,66886,70133,56817,57922,37868,117,46109,76690
2019-06-05,65628,69560,55530,55975,37242,111,46864,78181
2019-06-06,63494,67117,53401,52559,35939,108,45407,74595
2019-06-07,51568,58195,45588,39986,29320,100,37595,62876
2019-06-08,30278,35406,35764,23361,17307,90,8776,20818
2019-06-09,37826,44975,41928,36563,22891,109,9665,22839
2019-06-10,62257,68195,52685,52256,35028,119,44846,77409
2019-06-11,54907,64548,49048,38337,31377,112,41199,68856
2019-06-12,41177,48877,43827,36297,24146,105,12104,27517
2019-06-13,64113,68875,53898,50807,35333,121,45517,74863
2019-06-14,53449,62701,46459,39124,29801,110,39766,67701
2019-06-15,32263,41245,38264,22773,18172,100,9311,21835
2019-06-16,38958,42886,44327,33430,21629,119,9889,23586
2019-06-17,63782,73141,55704,46732,33749,128,45271,74948
2019-06-18,65606,79525,54986,45983,35446,126,48313,75360
2019-06-19,64265,66134,51034,43133,33344,123,48145,74657
2019-06-20,60254,69002,47848,38185,32215,111,45663,73825
2019-06-21,49407,57991,41227,28766,25650,102,37800,59803
2019-06-22,28643,30372,32590,16156,13638,90,8693,20252
2019-06-23,35290,36728,39215,23727,17414,106,9476,21963
2019-06-24,60820,65383,50909,36544,29435,125,46549,73979
2019-06-25,61675,65463,50807,35685,30085,119,50280,81249
2019-06-26,60625,62966,50319,34145,27426,118,49655,77980
2019-06-27,58798,64409,48685,30616,27112,116,49243,77681
2019-06-28,46992,50866,42839,21652,20976,105,41854,67777
2019-06-29,27181,31264,33155,11933,10697,94,10428,22344
2019-06-30,30738,32885,37428,15083,12606,104,11092,24934
2019-07-01,51235,55806,46502,22533,21535,112,47375,73416
2019-07-02,52824,54800,47757,22508,22543,116,48824,71921
2019-07-03,51248,55556,45514,21536,21927,116,48467,70227
2019-07-04,48320,52432,43108,19656,20747,106,45406,66986
2019-07-05,40789,50737,39519,14199,17743,100,37850,61521
2019-07-06,23734,36738,32001,7886,10350,90,9123,20799
2019-07-07,25980,33361,36970,10110,10289,100,9493,21114
2019-07-08,46402,65940,46570,16971,21234,117,43349,66415
2019-07-09,48116,59200,46258,17052,20969,114,46595,71467
2019-07-10,46659,60231,44830,16996,20446,110,45675,71971
2019-07-11,45343,56639,44789,16127,19350,107,45040,67882
2019-07-12,37556,48195,38420,12989,16238,97,36488,57128
2019-07-13,21142,30073,29991,7058,8291,86,8615,19099
2019-07-14,23302,29435,35420,8460,9008,99,8733,19515
2019-07-15,43018,50836,46999,15953,18412,111,42538,66137
2019-07-16,44552,53898,45690,16296,20329,108,44505,65571
2019-07-17,45110,56938,44864,16290,20006,107,44759,62690
2019-07-18,43974,55880,43202,15977,18351,106,43477,61878
2019-07-19,36446,46369,38796,12113,15805,98,35308,52708
2019-07-20,20253,27078,30149,6494,7835,89,8115,17983
2019-07-21,23403,29337,34520,9368,8954,101,8829,18573
2019-07-22,42218,52695,46555,16784,18320,115,42044,61690
2019-07-23,44398,58057,48229,16807,20320,111,44546,63979
2019-07-24,43684,58417,45745,16636,20036,112,44297,63991
2019-07-25,41633,53411,43327,16349,18806,112,43075,63659
2019-07-26,34763,48830,37551,12570,15768,99,33858,53329
2019-07-27,19531,29279,28988,6924,7926,88,7419,17590
2019-07-28,22503,29990,32970,9942,8625,103,8134,19018
2019-07-29,42925,55475,44940,17837,18960,120,42216,67835
2019-07-30,44939,56636,46679,19187,20421,127,45229,73908
2019-07-31,44637,56218,47702,19312,19590,116,44143,74236
2019-08-01,42669,54104,45816,18302,17686,116,40309,68445
2019-08-02,35618,48844,40786,15143,15659,105,32982,54585
2019-08-03,21218,29114,32471,8826,7627,96,7717,20102
2019-08-04,23368,31356,37693,12022,8747,116,8096,20204
2019-08-05,43593,55788,48371,21479,18272,124,38000,64660
2019-08-06,44172,58177,47495,21957,19519,121,40935,66472
2019-08-07,42984,57267,45437,21052,19350,118,40458,63312
2019-08-08,41730,61160,43101,20034,18844,111,38720,60533
2019-08-09,36525,59146,39343,17271,16841,104,32502,53368
2019-08-10,20923,34900,30759,9946,7919,94,7226,17986
2019-08-11,22872,36785,34598,13517,8778,103,7426,18159
2019-08-12,42773,54854,44591,24422,18614,120,36875,60261
2019-08-13,45603,58381,45907,25994,19960,125,40493,63953
2019-08-14,43727,54472,43653,26490,18881,117,40166,62983
2019-08-15,41662,51203,40491,24222,18271,106,38213,59834
2019-08-16,36268,46822,37921,20549,15815,103,31885,50475
2019-08-17,20656,30305,31092,11650,7858,97,7139,17617
2019-08-18,23340,32472,35504,16996,8588,105,7542,17970
2019-08-19,44393,55110,45023,31052,18415,123,38333,59556
2019-08-20,46062,58687,45744,32195,19885,119,39395,61482
2019-08-21,45270,57871,44460,32270,20085,117,39532,60046
2019-08-22,43194,57504,42514,31352,19253,114,39032,59201
2019-08-23,37796,51491,38457,25057,16381,101,32450,52563
2019-08-24,20808,27216,29722,14214,7659,90,6852,17858
2019-08-25,24517,29454,35127,23388,9098,107,7307,18803
2019-08-26,47356,59361,46623,41451,19053,119,38654,62312
2019-08-27,50705,61408,47392,44736,20719,122,42051,66988
2019-08-28,50418,60195,46307,43798,20876,116,41290,65125
2019-08-29,48805,57439,44060,42243,19824,107,39803,64248
2019-08-30,41769,50513,38685,30341,16538,101,32835,54970
2019-08-31,24703,30364,30451,19583,8221,93,7197,19043
2019-09-01,28251,35343,34201,25680,9496,99,7303,18517
2019-09-02,54083,52192,42284,36182,18621,110,34453,58412
2019-09-03,66801,60942,47438,49956,23007,112,41111,64890
2019-09-04,69305,64067,48242,52576,23525,112,41299,64137
2019-09-05,65772,59234,47811,53134,23538,108,40751,64054
2019-09-06,52993,56562,41316,38951,19952,99,33860,54096
2019-09-07,30843,33180,31361,23895,10188,86,7418,19027
2019-09-08,39994,38813,36436,38220,13797,104,7785,19027
2019-09-09,68728,60981,49640,59421,25576,115,39328,62983
2019-09-10,69697,62068,49105,60877,26921,113,42465,67541
2019-09-11,68832,64690,49717,59454,27637,114,42456,65268
2019-09-12,65473,67012,47408,56705,26672,111,41836,64710
2019-09-13,53059,51128,41060,43452,22145,101,34270,58181
2019-09-14,30470,31644,33174,28792,11535,87,7700,20559
2019-09-15,41338,36451,38716,47864,15601,106,8480,20742
2019-09-16,66506,60667,50901,65053,27397,119,40612,66029
2019-09-17,68834,67325,52009,64134,29346,118,43377,67835
2019-09-18,69392,66651,51042,62670,29227,116,43137,65600
2019-09-19,66880,61958,49057,58415,28507,111,41693,65568
2019-09-20,52803,52985,42587,43558,23180,100,34716,57420
2019-09-21,32236,32856,35153,31161,12874,88,7928,20681
2019-09-22,41773,37934,41677,50583,16894,113,8714,21953
2019-09-23,66739,64297,52904,65240,28943,120,41279,67311
2019-09-24,71114,68843,53819,61437,31078,117,44771,70275
2019-09-25,69646,67027,51734,57711,30455,117,44551,72175
2019-09-26,67606,65089,51532,50113,29485,109,43746,68608
2019-09-27,55560,57592,45493,32679,24627,101,37311,61343
2019-09-28,34064,34972,36590,28232,13481,94,9048,21460
2019-09-29,45153,55923,43796,48671,17991,115,10200,25179
2019-09-30,69740,65413,55136,61241,30196,123,46438,80905
2019-10-01,70513,66238,55122,60894,31086,119,45765,78710
2019-10-02,70469,68202,53974,58974,31480,114,45571,73132
2019-10-03,65913,63864,50709,51981,29451,108,44131,69627
2019-10-04,51065,53568,45821,36227,23696,99,36822,61313
2019-10-05,32041,33542,36736,28983,13567,94,9218,22269
2019-10-06,42752,40224,45851,52038,18813,116,10214,24151
2019-10-07,69902,69077,57114,69387,32182,124,43523,72549
2019-10-08,72390,69329,57720,72078,33424,121,47474,77213
2019-10-09,72132,81152,57275,73476,34403,119,47824,77473
2019-10-10,69716,72511,55019,72470,32849,112,46784,79036
2019-10-11,56483,56779,46963,52662,26352,105,39131,65463
2019-10-12,35000,37723,39460,36698,15565,99,9800,25236
2019-10-13,45933,42122,47483,59289,20560,118,10657,25584
2019-10-14,73037,67010,57937,75465,34140,123,46658,78038
2019-10-15,73828,68652,57332,75311,34504,120,49133,79984
2019-10-16,73896,67591,56842,69631,33602,117,48571,77743
2019-10-17,71717,66023,55787,62557,34030,113,47718,73666
2019-10-18,58850,59741,50290,47847,28486,104,39598,63769
2019-10-19,35157,38097,39214,35034,16363,94,10267,24732
2019-10-20,45820,41398,47492,55571,21317,116,10984,28545
2019-10-21,73446,66699,60382,71473,35274,125,47003,77232
2019-10-22,76463,69781,60929,68805,36668,125,50478,81092
2019-10-23,74578,68902,59575,65468,35209,119,50175,79823
2019-10-24,72045,68945,58059,60416,34528,114,49460,79063
2019-10-25,58329,58676,48496,44539,27760,101,41340,69637
2019-10-26,35146,35995,40269,34761,16193,90,10692,24995
2019-10-27,44854,41579,49052,56994,21389,113,11483,26179
2019-10-28,69698,65634,60516,78146,34799,123,46860,77549
2019-10-29,70858,67393,58721,75059,35428,116,48715,82497
2019-10-30,69914,66575,56837,72710,35187,113,48182,81954
2019-10-31,65480,63715,53336,64803,32381,103,48774,81917
2019-11-01,50599,53919,45184,46348,25052,94,36335,63102
2019-11-02,31014,34705,38131,29831,14350,90,9020,23559
2019-11-03,33534,35577,44597,40141,16063,104,8197,21874
2019-11-04,44939,45353,51879,60697,22112,123,11601,27936
2019-11-05,69615,66642,61772,73443,34042,126,45057,79127
2019-11-06,73279,83029,61767,71888,36298,123,48377,80918
2019-11-07,71954,73997,59971,67038,35646,127,47985,79440
2019-11-08,58964,59985,51847,51381,29611,141,41219,70275
2019-11-09,37886,42100,42272,39233,18386,98,10314,26589
2019-11-10,48670,44171,49972,60150,23473,118,10948,28212
2019-11-11,73715,72332,60227,73176,36347,121,45999,78784
2019-11-12,76486,72414,60239,72961,37621,118,49915,82305
2019-11-13,75458,69019,61663,69541,37479,115,48782,81334
2019-11-14,72823,74451,56592,61872,37137,111,48165,79186
2019-11-15,58482,60020,49228,47724,30050,99,40678,69223
2019-11-16,36297,36853,40547,36928,17924,95,10510,26830
2019-11-17,48493,45844,49446,59495,24066,116,11369,27391
2019-11-18,74747,79970,61214,71837,38603,121,47776,77181
2019-11-19,77278,78902,60202,69883,40163,119,49938,80218
2019-11-20,74677,73476,57209,67058,38484,114,49007,80807
2019-11-21,71009,77051,54567,60564,36482,107,45839,74810
2019-11-22,58256,65444,47800,44725,30070,98,39519,64901
2019-11-23,37196,40958,40385,35931,18633,91,10447,26740
2019-11-24,48311,52063,47495,55126,23870,107,11371,27440
2019-11-25,74006,75941,59818,72971,38121,117,48891,83029
2019-11-26,75566,76035,60524,70940,39925,115,53177,85909
2019-11-27,74735,75949,58371,68374,40021,114,51768,83549
2019-11-28,72313,73294,55803,59841,38751,109,51237,82663
2019-11-29,57191,62175,48604,45347,30959,96,42809,71774
2019-11-30,38268,44416,40651,36729,20155,96,11727,28248
2019-12-01,48534,57182,49516,55323,26084,111,12365,30163
2019-12-02,73459,78258,58322,69565,38897,116,49318,83764
2019-12-03,75629,80215,57464,68567,41030,113,51939,84513
2019-12-04,75527,78555,57439,65798,39996,112,51799,83627
2019-12-05,73371,77313,55469,60181,38779,114,51423,83587
2019-12-06,59516,66436,48752,46668,31884,101,43133,73272
2019-12-07,39161,53041,40952,35763,20416,95,11621,27792
2019-12-08,52582,51326,50184,56360,27251,118,12860,30405
2019-12-09,76401,76448,58837,68036,40146,120,50221,83666
2019-12-10,75683,76963,56923,64886,41253,113,52571,88280
2019-12-11,74200,82490,55953,63431,40417,108,52607,83843
2019-12-12,71591,68422,53696,58630,38389,104,51519,83403
2019-12-13,57246,60233,47164,43059,30947,95,42723,72633
2019-12-14,38106,38944,38835,32868,20598,90,11640,28350
2019-12-15,48981,44633,46327,51361,26857,107,12319,30274
2019-12-16,73269,68658,54648,62235,39541,111,50090,83756
2019-12-17,75387,73146,54257,60851,40950,105,52019,82864
2019-12-18,74644,71189,52471,55887,39751,100,50811,80731
2019-12-19,71258,62923,49608,51108,36917,95,48931,77427
2019-12-20,54241,53492,41223,37365,29564,86,40996,67255
2019-12-21,34352,34575,34778,26870,18012,81,11215,27493
2019-12-22,45884,40515,42172,40090,24279,96,11826,34040
2019-12-23,65224,63116,49082,47103,35250,98,47818,82987
2019-12-24,62608,60580,46553,42796,33202,89,49005,83469
2019-12-25,55883,53110,42706,39000,29967,82,46099,81408
2019-12-26,49497,51860,40083,35114,26213,76,43979,76520
2019-12-27,36064,46007,33459,25433,19518,71,34951,64438
2019-12-28,21327,30602,27821,15301,10463,68,12815,31086
2019-12-29,19766,26539,29166,17834,9784,69,9124,24275
2019-12-30,22920,30790,25719,19534,11791,62,27456,50038
2019-12-31,10287,17810,14458,5210,5000,40,8697,18637
2020-01-01,11779,18163,22357,6907,4871,66,3765,18101
2020-01-02,17572,25664,34768,15800,7887,96,5582,21550
2020-01-03,21270,28952,39542,19649,9612,111,7871,25040
2020-01-04,22816,30386,42848,22560,10419,114,8581,25584
2020-01-05,24936,31566,45315,24849,11146,127,8778,25634
2020-01-06,25968,32536,43687,25636,11957,120,9180,25501
2020-01-07,27693,34162,48369,28662,12993,136,7764,24563
2020-01-08,37314,44562,56233,41384,17759,145,13148,35810
2020-01-09,59900,61843,64113,61753,28002,151,43912,95609
2020-01-10,57111,64248,60464,53402,27594,142,44627,93438
2020-01-11,37799,40279,50166,40308,17475,125,13132,36629
2020-01-12,47716,43713,57677,53432,21611,152,13837,39505
2020-01-13,72778,73495,64957,66903,33265,146,48388,102384
2020-01-14,78461,73690,66437,72298,36233,145,53266,105809
2020-01-15,78513,75984,63653,70236,37033,146,52842,113182
2020-01-16,77965,76424,61268,67891,37121,154,54002,106236
2020-01-17,66073,73593,56336,53930,31524,137,46749,90734
2020-01-18,40978,41984,46209,39370,18888,119,13824,37508
2020-01-19,52297,45947,53592,62796,24545,145,15120,39127
2020-01-20,80218,75051,67262,76324,38442,152,53647,105563
2020-01-21,83138,79094,68027,74224,39476,146,56674,106821
2020-01-22,81832,77197,65718,71991,38647,140,56437,103896
2020-01-23,78288,76838,64103,67086,36868,133,55591,103442
2020-01-24,63887,67524,54452,51436,30788,119,47583,96624
2020-01-25,38519,43208,45380,38402,17695,111,14283,36698
2020-01-26,48289,48169,54730,59400,22604,131,14846,37675
2020-01-27,76331,77808,66099,71897,37017,137,55098,104878
2020-01-28,79211,78560,66448,72591,37692,130,57692,110563
2020-01-29,78001,76742,65048,70514,36478,128,57657,109608
2020-01-30,75025,75062,63132,63797,35176,120,57424,109190
2020-01-31,60611,64723,54897,48787,28977,112,49614,94393
2020-02-01,37165,42676,46101,35588,16667,109,13586,36575
2020-02-02,47212,48009,55453,54208,20538,135,14343,37164
2020-02-03,75550,76286,68367,69405,34635,144,53972,0
2020-02-04,77568,77664,67973,71660,35955,135,57749,0
2020-02-05,77154,78164,67324,68856,35741,125,55996,0
2020-02-06,74088,77152,64765,63412,35027,123,54273,0
2020-02-07,62051,66613,56717,48390,28874,116,46666,0
2020-02-08,38017,43088,46787,36458,17110,109,13611,0
2020-02-09,48453,50375,56661,56570,21843,130,14304,0
2020-02-10,75174,77998,66494,68909,35418,131,52377,0
2020-02-11,76296,78110,66834,66283,36244,130,55353,0
2020-02-12,77545,78469,65624,63012,35540,122,55185,0
2020-02-13,73385,75554,62455,61387,34212,119,54656,0
2020-02-14,56400,62502,50291,44971,26930,100,44679,0
2020-02-15,36796,41606,45962,34635,16577,99,12591,0
2020-02-16,47348,49445,55689,52701,21839,128,14117,0
2020-02-17,75649,79464,66946,67640,37058,130,52829,0
2020-02-18,78325,79644,66859,66554,37177,129,55951,0
2020-02-19,75897,76494,64846,61764,36325,122,54533,0
2020-02-20,70196,76170,61235,55111,33843,117,52159,0
2020-02-21,53259,60394,50227,38919,26515,102,39240,0
2020-02-22,32211,37665,41029,26356,14637,97,10706,0
2020-02-23,30879,35676,39398,31811,14405,99,8481,0
2020-02-24,49777,50745,55286,55348,23744,128,14476,0
2020-02-25,77086,76181,67225,64543,36950,128,52781,0
2020-02-26,76982,81062,65140,62579,37607,121,56438,0
2020-02-27,74779,77072,61932,55230,35534,111,56486,0
2020-02-28,60561,65300,53655,42322,30044,99,47627,0
2020-02-29,38077,45199,44359,33704,18332,93,13468,0
2020-03-01,45288,51650,48834,44635,21899,107,13209,0
2020-03-02,73249,76402,63360,58400,36345,115,51692,0
2020-03-03,77404,78687,63299,56139,38238,110,54350,0
2020-03-04,73142,75049,61409,51898,36308,103,52316,0
2020-03-05,66590,68720,56184,43652,33242,97,49337,0
2020-03-06,46372,58778,45073,27647,23267,87,32397,0
2020-03-07,27119,35639,36482,21091,13422,77,9642,0
2020-03-08,22191,31764,33520,19632,11052,78,6173,0
2020-03-09,43893,46461,50995,50390,22284,119,13069,0
2020-03-10,72536,71808,62603,69439,36934,129,50278,0
2020-03-11,76939,76241,63918,71091,39033,135,55915,0
2020-03-12,75554,73416,61087,65464,37770,116,54176,0
2020-03-13,61930,63310,52770,51240,30977,95,45357,0
2020-03-14,38616,41171,43108,38896,19392,84,12779,0
2020-03-15,49627,48940,52180,60273,25314,103,13707,0
2020-03-16,67310,68255,58124,65432,33120,92,47465,0
2020-03-17,64694,67744,54407,65178,34057,76,48709,0
2020-03-18,65093,69352,53321,69472,35573,74,48708,0
2020-03-19,66950,70058,52819,71109,37911,79,49472,0
2020-03-20,58274,63841,47487,57119,33397,74,43249,0
2020-03-21,37279,42625,41048,39401,20747,72,13137,0
2020-03-22,42349,46839,47761,59136,24807,80,14428,0
2020-03-23,71513,73431,56872,89060,41682,82,50618,0
2020-03-24,76089,77643,57079,91900,44498,79,52992,0
2020-03-25,73145,72433,51357,84558,43342,73,51240,0
2020-03-26,65195,63989,43848,70720,38823,62,46634,0
2020-03-27,50249,53814,36663,47944,30817,55,36351,0
2020-03-28,30268,37585,31481,25808,17311,53,11249,0
2020-03-29,32267,40965,34232,29692,18673,54,11362,0
2020-03-30,43483,58305,38271,44061,27226,57,28630,0
2020-03-31,45873,58173,38299,45905,28939,57,28498,0
2020-04-01,46683,57854,39191,48411,28523,61,25783,0
2020-04-02,47633,60030,42417,47334,29179,61,26854,0
2020-04-03,45583,59025,40364,40499,28585,60,25768,0
2020-04-04,39945,49706,38751,36371,23454,68,12800,0
2020-04-05,46576,54157,46485,44746,27766,75,13628,0
2020-04-06,75633,75901,53253,68625,46320,75,36233,0
2020-04-07,81751,79109,49739,75539,50314,76,35909,0
2020-04-08,84831,81332,48733,76906,52375,79,37106,0
2020-04-09,86694,80277,47626,78340,53035,75,37333,0
2020-04-10,77749,73121,44473,69380,47726,72,34125,0
2020-04-11,53321,55353,39059,50211,32972,73,12791,0
2020-04-12,55016,57316,44487,53069,33800,80,13162,0
2020-04-13,88196,81290,48163,81198,53527,81,38419,0
2020-04-14,92420,84170,48482,81822,55832,88,40390,0
2020-04-15,92785,83374,47883,82475,55910,86,39896,0
2020-04-16,88887,82784,47995,75286,55061,80,37539,0
2020-04-17,81425,81068,44949,68835,49107,80,33236,0
2020-04-18,50081,56988,36904,41017,31108,76,11435,0
2020-04-19,46348,59203,38842,38188,28964,86,10548,0
2020-04-20,89667,86144,49262,82498,55324,93,40003,0
2020-04-21,90336,91254,48687,84126,58413,90,41150,0
2020-04-22,91341,87475,49940,84203,56547,92,40868,0
2020-04-23,91068,88266,49587,81768,55868,90,40519,0
2020-04-24,80345,78553,44302,68107,50389,91,36006,0
2020-04-25,54484,58804,39356,48001,32695,90,13028,0
2020-04-26,53783,60015,43760,49275,33576,98,13209,0
2020-04-27,88621,89490,49502,75877,54385,96,42498,0
2020-04-28,87908,88871,48889,73461,54436,96,41420,0
2020-04-29,88807,89829,47353,75009,55287,93,41986,0
2020-04-30,75322,76766,41199,57591,45226,85,34682,0
2020-05-01,38037,52570,33564,30621,22245,78,10212,0
2020-05-02,37440,50028,34179,31414,21863,83,8309,0
2020-05-03,37480,50708,36014,33553,22623,85,8336,0
2020-05-04,48441,60381,40959,46383,30600,91,12654,0
2020-05-05,51439,63252,43670,47991,31591,95,14574,0
2020-05-06,69675,78697,45888,61386,43039,96,33831,0
2020-05-07,69537,76211,45197,61368,43873,93,35094,0
2020-05-08,60174,67817,39223,50315,37358,90,28073,0
2020-05-09,31383,42641,28597,25470,18937,77,6961,0
2020-05-10,42361,50975,38961,39813,26773,92,9004,0
2020-05-11,58496,63825,42726,57060,38228,95,14796,0
2020-05-12,84828,82964,49144,74030,52625,97,39804,0
2020-05-13,90847,88360,51688,79470,55382,98,42389,0
2020-05-14,94747,89021,50357,86034,57143,97,43008,0
2020-05-15,84312,81130,47121,75164,50498,90,37813,0
2020-05-16,55358,59649,40653,54380,33723,87,11834,0
2020-05-17,56593,60484,45332,60391,34859,101,11389,0
2020-05-18,94069,92476,54841,91977,56570,105,41671,0
2020-05-19,95602,91233,54595,95361,57252,98,42883,0
2020-05-20,93805,93105,53107,94768,56538,99,44237,0
2020-05-21,92604,89651,52183,95115,56033,103,42638,0
2020-05-22,80506,79925,46296,78289,48145,90,36098,0
2020-05-23,51718,56886,38915,53996,31519,84,10981,0
2020-05-24,54257,59836,43514,63552,32910,92,11230,0
2020-05-25,84825,85789,51171,93967,51777,95,40934,0
2020-05-26,88076,86078,52108,96998,53477,90,44165,0
2020-05-27,85136,84285,50618,93869,53220,89,43218,0
2020-05-28,81288,82708,48693,91811,50573,85,43246,0
2020-05-29,72778,77591,45019,70333,44399,78,37533,0
2020-05-30,47240,54734,37134,46195,28645,75,10787,0
2020-05-31,52450,61060,44999,55124,31233,93,12330,0
2020-06-01,78268,84224,51982,76860,45964,92,45405,0
2020-06-02,82424,87474,53397,82808,47589,90,47235,0
2020-06-03,81841,87245,51819,81464,47433,92,46098,0
2020-06-04,78823,86730,49933,78990,47584,91,45572,0
2020-06-05,67598,75928,44545,61272,40553,83,38165,0
2020-06-06,42445,51906,35467,37577,25500,75,10292,0
2020-06-07,44207,52840,39027,42246,26537,84,9958,0
2020-06-08,71904,79451,47820,68366,42045,91,41240,0
2020-06-09,73655,81575,46200,65540,42642,88,43299,0
2020-06-10,71811,79702,46439,61699,41192,85,44161,0
2020-06-11,61521,68396,40781,49294,35595,80,36718,0
2020-06-12,38373,51023,34712,30682,22118,73,10085,0
2020-06-13,40175,48707,37392,33685,22667,78,9044,0
2020-06-14,44003,53827,41682,39328,24342,88,10512,0
2020-06-15,71014,76622,48103,57286,38278,90,43192,0
2020-06-16,72503,79652,47380,56816,38681,87,44177,0
2020-06-17,71228,76554,45282,54284,38466,84,43977,0
2020-06-18,69974,95659,44724,52908,37748,83,42735,0
2020-06-19,60684,87557,40193,43930,33479,77,35809,0
2020-06-20,40668,79005,33677,28599,20970,71,9719,0
2020-06-21,43051,73863,39648,31651,22100,80,10642,0
2020-06-22,68640,79954,47892,47388,35141,86,43847,0
2020-06-23,65073,75290,44927,41059,33439,82,42409,0
2020-06-24,48699,78185,39401,35724,24944,77,16899,0
2020-06-25,64356,102751,44694,42235,32769,80,42740,0
2020-06-26,55103,96730,39532,33946,28842,75,36514,0
2020-06-27,34910,53077,31852,20635,17131,70,9634,0
2020-06-28,36806,55087,38837,22672,17735,81,10883,0
2020-06-29,60619,76859,46944,35768,28870,90,44841,0
2020-06-30,56945,68194,43358,29356,27308,85,44314,0
2020-07-01,40174,54381,38181,19988,17968,82,16452,0
2020-07-02,53920,66959,42066,27002,24734,94,41281,0
2020-07-03,47314,61823,37710,21672,21638,85,35713,0
2020-07-04,29609,42982,30686,12172,12290,73,9481,0
2020-07-05,30884,45094,35657,13414,12675,83,9646,0
2020-07-06,50566,63299,42577,22256,21416,85,39579,0
2020-07-07,51232,66113,41753,21592,21701,84,41067,0
2020-07-08,51165,65242,40513,20686,21191,79,40974,0
2020-07-09,49810,65458,39721,21055,21521,77,41649,0
2020-07-10,42268,59601,35241,16552,18156,72,34827,0
2020-07-11,26180,40362,28634,8439,9966,65,8952,0
2020-07-12,28713,39838,33373,10828,11292,74,9342,0
2020-07-13,49845,63422,44374,19152,20582,84,41312,0
2020-07-14,52079,67427,44066,20235,21737,83,43271,0
2020-07-15,51175,65951,43177,19359,20967,78,42231,0
2020-07-16,50126,64615,41972,18494,20466,78,41389,0
2020-07-17,43484,59591,36825,15076,17547,72,33775,0
2020-07-18,27125,40072,31224,7862,9972,66,8651,0
2020-07-19,30026,43702,34936,11205,10928,77,9577,0
2020-07-20,49880,62834,43639,18963,19203,85,39842,0
2020-07-21,52324,68263,45646,20365,21025,85,42659,0
2020-07-22,52434,67012,44095,19275,20917,83,42439,0
2020-07-23,51290,64227,44489,19172,19802,82,41558,0
2020-07-24,42922,56658,37888,14943,16819,74,34543,0
2020-07-25,26355,37265,30446,8521,9143,68,9244,0
2020-07-26,29390,40015,34458,11218,10711,76,9915,0
2020-07-27,50274,64387,43892,20161,19622,85,40707,0
2020-07-28,52131,65928,43903,20882,20492,90,41988,0
2020-07-29,52964,63113,43619,21323,20289,88,42314,0
2020-07-30,51389,64400,41966,20107,19429,84,41807,0
2020-07-31,45047,58551,37267,15710,16682,79,33260,0
2020-08-01,28895,39897,32855,9609,9312,74,8773,0
2020-08-02,30577,42041,36443,12404,10301,82,8947,0
2020-08-03,50747,68787,42651,22143,19261,90,38337,0
2020-08-04,52618,67556,42951,23512,20111,85,40463,0
2020-08-05,51493,65892,40894,23570,19775,83,39186,0
2020-08-06,50620,103303,41509,23010,19640,84,37497,0
2020-08-07,43263,57032,37095,18874,16620,76,30913,0
2020-08-08,26770,39117,31259,10330,9033,69,8063,0
2020-08-09,29389,41979,36223,15096,10484,79,8935,0
2020-08-10,50947,67347,43514,28182,19552,87,37443,0
2020-08-11,53226,66992,43734,29910,20582,83,39097,0
2020-08-12,53000,65713,43218,31233,20312,81,38890,0
2020-08-13,51858,61835,42443,30882,19915,79,38142,0
2020-08-14,44314,53262,36882,25544,17290,76,31602,0
2020-08-15,27178,34562,30934,12693,9223,68,7950,0
2020-08-16,29742,36315,34832,18697,10447,75,8192,0
2020-08-17,51703,58164,42854,34545,19590,83,36714,0
2020-08-18,53824,62675,43497,35810,20532,83,38514,0
2020-08-19,53981,62309,43284,36610,20790,85,38309,0
2020-08-20,52078,61174,41715,36558,20391,84,37276,0
2020-08-21,44987,53630,38070,28082,16945,79,30536,0
2020-08-22,28225,35919,32273,15661,9419,74,7450,0
2020-08-23,32891,38497,35878,23389,10724,83,8210,0
2020-08-24,55250,61648,45345,42573,20585,91,37352,0
2020-08-25,57674,64057,45589,45407,21450,90,39732,0
2020-08-26,57441,63587,45069,44968,21759,86,39324,0
2020-08-27,56999,61540,42896,43684,21362,85,38554,0
2020-08-28,48702,55169,38482,32915,17776,79,32274,0
2020-08-29,30516,38629,31737,19179,9588,69,7816,0
2020-08-30,33835,39747,36369,30734,11207,82,8938,0
2020-08-31,54629,57324,41995,38101,18776,81,38284,0
2020-09-01,63783,58699,41237,34531,20466,81,36300,0
2020-09-02,76810,64253,44854,47574,24637,84,39865,0
2020-09-03,75418,66327,44416,48608,25564,84,40016,0
2020-09-04,63635,59027,40650,39934,22553,79,33256,0
2020-09-05,41248,38347,34318,26637,13365,74,8487,0
2020-09-06,48758,44324,39251,40401,15916,91,8931,0
2020-09-07,77370,68527,49506,57587,27525,96,39438,0
2020-09-08,82561,73554,50101,59116,30214,93,42267,0
2020-09-09,81456,73783,50407,59955,31696,89,42134,0
2020-09-10,76638,72017,47759,55335,31138,83,41531,0
2020-09-11,63165,65377,42739,42421,25824,80,34620,0
2020-09-12,38973,42468,28624,26283,12604,63,8221,0
2020-09-13,47725,43170,33394,41313,15062,77,8800,0
2020-09-14,77613,66217,41952,59195,25332,84,38347,0
2020-09-15,79973,70607,40405,61573,26910,77,40983,0
2020-09-16,79103,69111,39710,59119,27780,76,39917,0
2020-09-17,75566,69999,38086,57686,26430,75,39495,0
2020-09-18,64070,59769,34521,45140,22572,68,33374,0
2020-09-19,40110,43754,29225,32197,13521,64,8692,0
2020-09-20,49482,48386,33953,49513,16471,73,9394,0
2020-09-21,78162,69411,41432,63048,27346,83,39776,0
2020-09-22,80846,71682,41883,62141,28718,78,41901,0
2020-09-23,79770,70459,40828,60012,28358,78,41954,0
2020-09-24,78199,68710,39434,54987,28237,72,40785,0
2020-09-25,63436,61506,35219,39157,23001,71,34349,0
2020-09-26,40083,43782,28270,28164,13679,63,9129,0
2020-09-27,50028,45967,32482,44585,17058,78,9677,0
2020-09-28,80303,70027,40900,63987,29016,76,41550,0
2020-09-29,83565,72267,41716,65965,30637,76,45398,0
2020-09-30,82670,70125,40361,62515,29524,73,44756,0
2020-10-01,77122,65490,38680,59344,27535,72,41240,0
2020-10-02,63957,60316,34051,45149,23782,66,34588,0
2020-10-03,39423,45588,28861,32314,14627,62,9805,0
2020-10-04,49087,47471,34363,47977,17629,81,10152,0
2020-10-05,76983,72535,42111,62121,28926,84,39447,0
2020-10-06,82265,76310,42741,69680,31777,78,43113,0
2020-10-07,83709,73734,41882,69488,31557,76,43341,0
2020-10-08,81409,75257,42032,64834,31263,74,43750,0
2020-10-09,68245,65541,37111,50883,26714,69,37563,0
2020-10-10,44100,44276,30830,35586,16181,66,11215,0
2020-10-11,51912,49682,35750,53216,19377,82,12105,0
2020-10-12,81081,75362,43762,70921,32133,84,43985,0
2020-10-13,85258,78409,44070,70923,33611,79,45434,0
2020-10-14,84650,78758,43012,68884,33424,76,44529,0
2020-10-15,82885,77009,41765,67591,32634,74,44812,0
2020-10-16,69044,67806,36056,53279,27772,70,37608,0
2020-10-17,43638,48610,31453,38682,17392,67,11098,0
2020-10-18,53179,55423,37429,57161,21051,86,12288,0
2020-10-19,83531,79757,44264,74212,33845,86,45030,0
2020-10-20,86359,77326,44877,74136,35430,81,46262,0
2020-10-21,85167,74181,42945,73030,36129,79,45247,0
2020-10-22,82479,72927,42462,68990,35296,75,45267,0
2020-10-23,69273,64412,38171,54745,29079,71,38976,0
2020-10-24,44520,45638,32010,38880,18364,66,11768,0
2020-10-25,52454,50302,38523,56522,21362,81,13172,0
2020-10-26,83703,75469,46279,78939,35417,86,45661,0
2020-10-27,86865,77983,45402,79739,37308,81,48125,0
2020-10-28,85517,78467,44534,78020,37045,78,47474,0
2020-10-29,83412,77007,43205,74199,36311,72,45300,0
2020-10-30,70320,72630,39324,56956,30236,71,39237,0
2020-10-31,44473,52726,33319,40877,19281,70,11413,0
2020-11-01,50272,52620,39586,56300,21354,79,12227,0
2020-11-02,81129,77866,46782,78557,35435,87,43878,0
2020-11-03,74208,73162,43953,66779,32379,80,40396,0
2020-11-04,57258,62215,41333,60077,24910,84,15145,0
2020-11-05,83049,81931,45777,77764,35986,88,43377,0
2020-11-06,72660,73222,41119,61496,31741,78,38031,0
2020-11-07,48104,51401,37046,44734,20900,75,11794,0
2020-11-08,54926,60672,43086,59355,23753,90,12314,0
2020-11-09,87406,81981,46909,78384,38205,89,44666,0
2020-11-10,90001,84691,46013,75652,39723,85,46434,0
2020-11-11,90048,82384,43619,74827,39050,81,45521,0
2020-11-12,88012,82660,44297,71622,39042,77,45800,0
2020-11-13,75860,72577,39611,58946,33660,72,39805,0
2020-11-14,49815,53061,35308,42955,21575,71,11713,0
2020-11-15,58540,57280,41582,58647,25472,84,12787,0
2020-11-16,91443,85664,46731,80476,39839,89,46359,0
2020-11-17,94965,86665,46927,79657,42045,83,47416,0
2020-11-18,95449,89255,46818,79260,42927,82,47735,0
2020-11-19,94543,91148,46072,76713,43064,80,47062,0
2020-11-20,79292,77047,41240,60733,35808,76,39365,0
2020-11-21,51731,54345,35493,44086,23018,72,11783,0
2020-11-22,59932,62650,42492,60042,26369,85,12723,0
2020-11-23,93508,84474,48915,79687,42042,89,47019,0
2020-11-24,96839,87780,49507,79575,43267,87,51478,0
2020-11-25,96164,87428,47126,75177,42805,87,50381,0
2020-11-26,92494,91927,45885,69921,42131,79,49652,0
2020-11-27,77005,76455,39575,55130,34841,74,42079,0
2020-11-28,50893,63003,36417,41735,22529,72,12863,0
2020-11-29,57723,59135,41395,53302,25836,88,13707,0
2020-11-30,92595,83393,49563,75621,42391,88,50102,0
2020-12-01,96764,92050,60782,80088,52777,100,53321,0
2020-12-02,98990,91968,59662,81241,52814,95,52591,0
2020-12-03,96630,96417,57575,76479,52703,97,52652,0
2020-12-04,81676,82893,52903,60189,45271,86,44625,0
2020-12-05,55401,58304,45922,46726,30812,83,13579,0
2020-12-06,64348,63292,53187,64486,35205,103,14350,0
2020-12-07,97143,94508,61755,82230,54740,100,51991,0
2020-12-08,99678,98980,62117,83854,57395,101,55078,0
2020-12-09,100971,98511,61327,82227,57791,94,55487,0
2020-12-10,96613,95046,56691,78285,54528,89,54718,0
2020-12-11,79650,79895,41302,59580,37622,72,45439,0
2020-12-12,54549,59028,36326,45334,25328,70,14411,0
2020-12-13,62920,60118,41055,61068,30523,82,15244,0
2020-12-14,94557,87966,46815,78354,45588,84,52799,0
2020-12-15,96210,90504,46139,76289,46747,79,55439,0
2020-12-16,96937,87180,44703,71902,45075,79,53573,0
2020-12-17,95310,85993,43356,67994,44242,79,52419,0
2020-12-18,78615,72343,38785,53605,37401,70,44434,0
2020-12-19,53699,51709,34565,40691,25594,68,13941,0
2020-12-20,62301,57272,40074,51819,29302,79,14774,0
2020-12-21,91113,74950,43531,63033,42625,77,49983,0
2020-12-22,91976,75363,43087,57587,42864,73,52288,0
2020-12-23,88047,73626,41185,55393,40807,70,51038,0
2020-12-24,81634,67902,38824,50823,37617,66,49293,0
2020-12-25,64855,59509,33476,39967,30612,60,41736,0
2020-12-26,40846,43527,28360,29029,18293,56,16266,0
2020-12-27,41501,42522,30598,32678,17900,65,13253,0
2020-12-28,56983,55679,33479,44723,26128,63,45114,0
2020-12-29,46099,54163,30587,34405,20535,56,42644,0
2020-12-30,31406,38964,22878,19052,13191,46,30156,0
2020-12-31,12969,24515,14119,3280,4717,33,8424,0
